Field Name,描述(繁體中文)
estate,主要屋苑
estate_eng,主要屋苑（英文名稱）
estate_chi,主要屋苑（中文名稱）
t_pop,總人口
pop_m,總人口 - 男性
pop_f,總人口 - 女性
sr,性別比率（男性數目與每千名女性相對的比率）
age_1,15歲以下人口
age_2,15至24歲人口
age_3,25至44歲人口
age_4,45至64歲人口
age_5,65歲及以上人口
t_ma,年齡中位數
ma_m,年齡中位數 - 男性
ma_f,年齡中位數 - 女性
born_hk,在香港出生的人口
born_chi,在中國內地／澳門／台灣出生的人口
born_else,在其他地方出生的人口
ethn_chi,種族為華人的人口
ethn_phi,種族為菲律賓人的人口
ethn_ind,種族為印尼人的人口
ethn_wh,種族為白人的人口
ethn_oth,其他種族的人口（包括報稱有多過一個種族的人士）
ms_nm_m,15歲及以上男性人口 - 從未結婚
ms_ma_m,15歲及以上男性人口 - 已婚
ms_wds_m,15歲及以上男性人口 - 喪偶／離婚／分居
ms_nm_f,15歲及以上女性人口 - 從未結婚
ms_m_f,15歲及以上女性人口 - 已婚
ms_wds_f,15歲及以上女性人口 - 喪偶／離婚／分居
ul_can,5歲及以上人口（不包括失去語言能力的人士） - 慣用交談語言：廣州話
ul_put,5歲及以上人口（不包括失去語言能力的人士） - 慣用交談語言：普通話
ul_othchi,5歲及以上人口（不包括失去語言能力的人士） - 慣用交談語言：其他中國方言
ul_eng,5歲及以上人口（不包括失去語言能力的人士） - 慣用交談語言：英語
ul_oth,5歲及以上人口（不包括失去語言能力的人士） - 慣用交談語言：其他語言
readchi_ablepctn,能閱讀中文的5歲及以上人口比例
readeng_ablepctn,能閱讀英文的5歲及以上人口比例
writechi_ablepctn,能書寫中文的5歲及以上人口比例
writeeng_ablepctn,能書寫英文的5歲及以上人口比例
edu_pri_be,15歲及以上人口 - 教育程度（最高就讀程度）：小學及以下
edu_sec,15歲及以上人口 - 教育程度（最高就讀程度）：中學
edu_psec,15歲及以上人口 - 教育程度（最高就讀程度）：專上教育
pls_same,於香港院校就讀全日制課程的人口 - 同區就讀（包括（a）在香港島或九龍居住並在同一區議會分區內上課的人士，（b）在新市鎮居住並在同一新市鎮上課的人士，及（c）在新界其他地方居住並在同一區議會分區非新市鎮地區內上課的人士）
pls_diff_hk,於香港院校就讀全日制課程的人口 - 跨區就讀（上課地點為香港島）
pls_diff_kln,於香港院校就讀全日制課程的人口 - 跨區就讀（上課地點為九龍）
pls_diff_nt,於香港院校就讀全日制課程的人口 - 跨區就讀（上課地點為新市鎮）
s_diff_oth,於香港院校就讀全日制課程的人口 - 跨區就讀（上課地點為新界其他地區）
t_wp,工作人口
wp_ee,工作人口 - 僱員（包括外發工）
wp_er,工作人口 - 僱主
wp_se,工作人口 - 自營作業者
wp_fw,工作人口 - 無酬家庭從業員
t_nwp,非工作人口
nwp_hm,非工作人口（2021年人口普查所採用非從事經濟活動人口的經濟活動身分分類（即「料理家務者」、「學生」、「退休人士」、「無酬照顧者」及「其他」），跟2011年人口普查及2016年中期人口統計所採用的分類（即「料理家務者」、「學生」、「退休人士」及「其他」）稍有分別，因此2021年統計數字與2011年及／或2016年統計數字作比較時須加以留意）- 料理家務者
nwp_st,非工作人口（2021年人口普查所採用非從事經濟活動人口的經濟活動身分分類（即「料理家務者」、「學生」、「退休人士」、「無酬照顧者」及「其他」），跟2011年人口普查及2016年中期人口統計所採用的分類（即「料理家務者」、「學生」、「退休人士」及「其他」）稍有分別，因此2021年統計數字與2011年及／或2016年統計數字作比較時須加以留意）- 學生
nwp_re,非工作人口（2021年人口普查所採用非從事經濟活動人口的經濟活動身分分類（即「料理家務者」、「學生」、「退休人士」、「無酬照顧者」及「其他」），跟2011年人口普查及2016年中期人口統計所採用的分類（即「料理家務者」、「學生」、「退休人士」及「其他」）稍有分別，因此2021年統計數字與2011年及／或2016年統計數字作比較時須加以留意） - 退休人士
nwp_care,非工作人口（2021年人口普查所採用非從事經濟活動人口的經濟活動身分分類（即「料理家務者」、「學生」、「退休人士」、「無酬照顧者」及「其他」），跟2011年人口普查及2016年中期人口統計所採用的分類（即「料理家務者」、「學生」、「退休人士」及「其他」）稍有分別，因此2021年統計數字與2011年及／或2016年統計數字作比較時須加以留意） - 無酬照顧者（須無酬照顧親人或其他人士（包括長期病患、殘疾或年長／年幼的人士）的人）
nwp_oth,非工作人口（2021年人口普查所採用非從事經濟活動人口的經濟活動身分分類（即「料理家務者」、「學生」、「退休人士」、「無酬照顧者」及「其他」），跟2011年人口普查及2016年中期人口統計所採用的分類（即「料理家務者」、「學生」、「退休人士」及「其他」）稍有分別，因此2021年統計數字與2011年及／或2016年統計數字作比較時須加以留意） - 其他
plw_same,工作人口 - 同區工作（包括（a）在香港島或九龍居住並在同一區議會分區內工作的人士，（b）在新市鎮居住並在同一新市鎮工作的人士，及（c）在新界其他地方居住並在同一區議會分區非新市鎮地區內工作的人士，但不包括於家中工作的人士）
plw_diff_hk,工作人口 - 跨區工作（工作地點為香港島）
plw_diff_kln,工作人口 - 跨區工作（工作地點為九龍）
plw_diff_nt,工作人口 - 跨區工作（工作地點為新市鎮）
plw_diff_oth,工作人口 - 跨區工作（工作地點為新界其他地區）
plw_nofix,工作人口 - 無固定地點／水上
plw_hm,工作人口 - 於家中工作
plw_out,工作人口 - 香港以外地方工作
mearn_xfw_sb_1,"工作人口（不包括無酬家庭從業員） - 每月主要職業收入：少於港元10,000"
mearn_xfw_sb_2,"工作人口（不包括無酬家庭從業員） - 每月主要職業收入：港元10,000 - 19,999"
mearn_xfw_sb_3,"工作人口（不包括無酬家庭從業員） - 每月主要職業收入：港元20,000 及以上"
t_mmearn,工作人口（不包括無酬家庭從業員）的每月主要職業收入中位數（港元）
mearn_xfdhfw_sb_1,"工作人口（不包括無酬家庭從業員及外籍家庭傭工） - 每月主要職業收入：少於港元10,000"
mearn_xfdhfw_sb_2,"工作人口（不包括無酬家庭從業員及外籍家庭傭工） - 每月主要職業收入：港元10,000 - 19,999"
mearn_xfdhfw_sb_3,"工作人口（不包括無酬家庭從業員及外籍家庭傭工） - 每月主要職業收入：港元20,000 及以上"
t_mmearn_xfdh,工作人口（不包括無酬家庭從業員及外籍家庭傭工）的每月主要職業收入中位數（港元）
wp_a,工作人口 - 職業（2021 年人口普查採用了新的職業分類方法，此職業分類方法更為貼近「國際標準職業分類法2008 年版」）：經理
wp_b,工作人口 - 職業（2021 年人口普查採用了新的職業分類方法，此職業分類方法更為貼近「國際標準職業分類法2008 年版」）：專業人員
wp_c,工作人口 - 職業（2021 年人口普查採用了新的職業分類方法，此職業分類方法更為貼近「國際標準職業分類法2008 年版」）：輔助專業人員
wp_d,工作人口 - 職業（2021 年人口普查採用了新的職業分類方法，此職業分類方法更為貼近「國際標準職業分類法2008 年版」）：文書支援人員
wp_e,工作人口 - 職業（2021 年人口普查採用了新的職業分類方法，此職業分類方法更為貼近「國際標準職業分類法2008 年版」）：服務工作及銷售人員
wp_f,工作人口 - 職業（2021 年人口普查採用了新的職業分類方法，此職業分類方法更為貼近「國際標準職業分類法2008 年版」）：工藝及有關人員
wp_g,工作人口 - 職業（2021 年人口普查採用了新的職業分類方法，此職業分類方法更為貼近「國際標準職業分類法2008 年版」）：機台及機器操作員及裝配員
wp_h,工作人口 - 職業（2021 年人口普查採用了新的職業分類方法，此職業分類方法更為貼近「國際標準職業分類法2008 年版」）：非技術工人
wp_i,工作人口 - 職業（2021 年人口普查採用了新的職業分類方法，此職業分類方法更為貼近「國際標準職業分類法2008 年版」）：漁農業熟練工人及不能分類的職業
wp_j,工作人口 - 行業（「香港標準行業分類2.0 版」為藍本的行業分類）：製造業
wp_k,工作人口 - 行業（「香港標準行業分類2.0 版」為藍本的行業分類）：建造業
wp_l,工作人口 - 行業（「香港標準行業分類2.0 版」為藍本的行業分類）：進出口、批發及零售業
wp_m,工作人口 - 行業（「香港標準行業分類2.0 版」為藍本的行業分類）：運輸、倉庫、郵政及速遞服務業
wp_n,工作人口 - 行業（「香港標準行業分類2.0 版」為藍本的行業分類）：住宿及膳食服務業
wp_o,工作人口 - 行業（「香港標準行業分類2.0 版」為藍本的行業分類）：資訊及通訊業
wp_p,工作人口 - 行業（「香港標準行業分類2.0 版」為藍本的行業分類）：金融及保險業
wp_q,工作人口 - 行業（「香港標準行業分類2.0 版」為藍本的行業分類）：地產、專業及商用服務業
wp_r,工作人口 - 行業（「香港標準行業分類2.0 版」為藍本的行業分類）：公共行政、教育、人類醫療保健及社工活動
wp_s,工作人口 - 行業（「香港標準行業分類2.0 版」為藍本的行業分類）：雜項社會及個人服務
wp_t,工作人口 - 行業（「香港標準行業分類2.0 版」為藍本的行業分類）：其他行業（包括「農業、林業及漁業」、「採礦及採石業」、「電力及燃氣供應」、「自來水供應；污水處理、廢棄物管理及污染防治服務業」等行業，及報稱的行業不能辨別或描述不足）
whr_1,工作人口 - 所有工作的每周通常工作時數：少於 18小時
whr_2,工作人口 - 所有工作的每周通常工作時數：18-34小時
whr_3,工作人口 - 所有工作的每周通常工作時數：35-44小時
whr_4,工作人口 - 所有工作的每周通常工作時數：45-54小時
whr_5,工作人口 - 所有工作的每周通常工作時數：55-64小時
whr_6,工作人口 - 所有工作的每周通常工作時數：65 小時及以上
dh,家庭住戶數目
dhz_1,家庭住戶數目 - 住戶人數：1人
dhz_2,家庭住戶數目 - 住戶人數：2人
dhz_3,家庭住戶數目 - 住戶人數：3人
dhz_4,家庭住戶數目 - 住戶人數：4人
dhz_5,家庭住戶數目 - 住戶人數：5人
dhz_6,家庭住戶數目 - 住戶人數：6 人及以上
adhz,家庭住戶平均人數
dhc_nc,家庭住戶數目 - 家庭住戶結構：由夫婦所組成（由一對已婚夫婦而並無其他親屬所組成的住戶；由一對夫婦及其未婚子女而並無其他親屬所組成的住戶；及由父／母一方及其未婚子女而並無其他親屬所組成的住戶。這類住戶可包括或不包括其他無親屬關係的同住人士，例如家庭傭工。）
dhc_re,家庭住戶數目 - 家庭住戶結構：親屬關係住戶（由一對夫婦及其至少一個父或母親（包括夫婦雙方的父母親）而並無其他親屬所組成的住戶；由一對夫婦、至少一個父或母親（包括夫婦雙方的父母親）及其未婚子女而並無其他親屬所組成的住戶；及由一羣有親屬關係人士所組成但未能歸入其他類別的住戶。這類住戶可包括或不包括其他無親屬關係的同住人士，例如家庭傭工。）
dhc_oth,家庭住戶數目 - 家庭住戶結構：其他住戶（由只有一個人的住戶及由一羣無親屬關係人士所組成的住戶。）
dhi_sb_1,"家庭住戶數目 - 家庭住戶每月收入：少於港元10,000"
dhi_sb_2,"家庭住戶數目 - 家庭住戶每月收入：港元10,000 - 19,999"
dhi_sb_3,"家庭住戶數目 - 家庭住戶每月收入：港元20,000 - 39,999"
dhi_sb_4,"家庭住戶數目 - 家庭住戶每月收入：港元40,000 及以上"
ma_hh,家庭住戶每月收入中位數（港元）
dhi_sb_e1,"從事經濟活動的家庭住戶（指家庭住戶內除外籍家庭傭工外至少有一名其他成員從事經濟活動）數目 - 家庭住戶每月收入：少於港元10,000"
dhi_sb_e2,"從事經濟活動的家庭住戶（指家庭住戶內除外籍家庭傭工外至少有一名其他成員從事經濟活動）數目 - 家庭住戶每月收入：港元10,000 - 19,999"
dhi_sb_e3,"從事經濟活動的家庭住戶（指家庭住戶內除外籍家庭傭工外至少有一名其他成員從事經濟活動）數目 - 家庭住戶每月收入：港元20,000 - 39,999"
dhi_sb_e4,"從事經濟活動的家庭住戶（指家庭住戶內除外籍家庭傭工外至少有一名其他成員從事經濟活動）數目 - 家庭住戶每月收入：港元40,000 及以上"
ma_econhh,從事經濟活動的家庭住戶（指家庭住戶內除外籍家庭傭工外至少有一名其他成員從事經濟活動）的家庭住戶每月收入中位數（港元）
dhm_loan,家庭住戶每月按掲供款及借貸還款（港元）中位數
dhm_lr,家庭住戶每月按掲供款及借貸還款與收入比率中位數
dm_r,家庭住戶每月租金（港元）中位數
dmr_ir,家庭住戶每月租金與收入比率中位數
fa_m,家庭住戶的居所樓面面積中位數（平方米）（不包括居於非屋宇單位或船艇的家庭住戶，亦不包括與其他住戶共同佔用的樓面面積）
gml_id,主要屋苑（GML 識別號碼）
