General Government Debt (Percent of GDP),1950,1951,1952,1953,1954,1955,1956,1957,1958,1959,1960,1961,1962,1963,1964,1965,1966,1967,1968,1969,1970,1971,1972,1973,1974,1975,1976,1977,1978,1979,1980,1981,1982,1983,1984,1985,1986,1987,1988,1989,1990,1991,1992,1993,1994,1995,1996,1997,1998,1999,2000,2001,2002,2003,2004,2005,2006,2007,2008,2009,2010,2011,2012,2013,2014,2015,2016,2017,2018,2019,2020,2021,2022,2023,2024
Philippines,10.887489,10.395683,9.7376808,12.717706,12.167466,13.14629,14.496651,13.735405,16.02595,16.793346,13.835107,13.817321,13.300075,11.818012,11.827937,12.635568,12.77371,12.950324,13.476589,14.565557,14.147675,13.556961,15.393095,13.849888,12.405817,12.462515,15.996384,18.56092,21.461519,20.707251,22.706602,25.110584,29.61576,38.338363,40.242718,47.444696,68.353066,69.965607,60.947726,55.220409,56.184106,55.59742,53.909829,68.596604,63.602625,60.848952,53.074388,56.890602,50.773325,54.217731,59.202745,59.470941,65.18395,71.392968,71.082311,64.674293,57.188542,50.167617,50.010093,49.805296,47.586513,45.433618,45.691174,43.863144,40.299298,39.687992,37.376365,38.130096,37.147156,36.972652,51.643608,57.004626,57.388785,56.484457,57.060458
Panama,13.47352,12.552143,12.536232,13.094017,13.476563,16.048265,15.716753,16.514241,19.916143,21.64974,22.919673,27.194307,25.931062,24.986595,25.765646,25.564479,33.198887,35.656301,38.17042,30.198858,32.313293,35.336182,37.849206,40.965862,43.834618,38.00954,52,55.072691,63.101908,69.016112,74.890953,76.542305,80.860285,86.574746,82.536475,82.541651,83.990594,92.204033,105.03539,104.40368,112.6521,103.69364,91.230606,83.553504,78.366427,76.670884,65.034409,60.193502,58.137844,55.149157,53.586347,57.82223,56.981791,56.47603,58.780601,59.33002,54.740138,47.440039,40.032808,39.06729,38.109474,35.644385,34.04403,33.738145,34.733454,34.250384,33.617624,33.571981,35.59319,39.862552,61.49288,54.403834,52.702151,51.493673,56.618902
Iceland,14.551616,14.449046,13.642236,10.718979,9.255047,8.5625906,6.7108068,6.6477082,5.1131326,4.9617047,13.63206,8.4949271,7.466512,7.8944387,7.9748071,7.7793918,5.563,8.7958246,14.221076,14.641349,11.442099,11.748565,14.543656,11.46252,12.541627,16.387483,17.174001,18.375301,19.803421,21.067239,24.774048,22.372047,28.948088,30.751438,32.424858,32.016791,29.86556,27.326043,30.588221,35.286097,35.489942,37.607619,45.401092,52.29382,54.808423,58.070268,55.574695,52.047615,43.952795,76.592958,75.796302,83.382672,82.15995,85.06786,80.861399,68.931071,70.651032,68.404314,110.35666,128.77334,133.1411,138.1759,133.92495,121.9603,115.29913,97.322974,82.471489,71.742256,63.246715,66.527874,77.511551,74.915257,67.534232,61.991208,59.077272
Germany,18.811777,16.686637,15.705143,20.561889,21.810273,20.210323,18.810424,18.077472,17.935647,17.670612,16.511505,16.30565,15.851133,16.6209,16.638594,17.262295,18.055041,20.730319,20.805569,18.711402,17.660809,17.740426,17.961906,17.326166,18.523355,23.659306,25.081258,26.034977,27.368866,28.243689,30.135038,33.613711,36.438177,37.965751,38.658178,39.22932,39.087201,40.108059,40.524931,39.193367,40.736303,39.48549,41.862576,45.512365,47.874942,55.287511,58.109574,59.206529,59.808635,60.349213,59.238799,58.061561,59.823106,63.344326,64.964894,67.120191,66.396722,63.687053,65.160251,72.336274,81.008922,78.457972,79.803562,77.435095,74.520346,71.215919,68.282224,64.026225,60.809267,58.701059,68.035175,68.076818,64.997332,62.877686,63.88822
Italy,30.985153,31.419462,33.488384,34.436082,36.245068,36.2088,35.250606,34.633152,34.577334,35.805078,32.10793,30.727608,29.671921,27.867411,27.893226,29.080489,34.036151,33.853469,36.351827,36.997262,37.76759,42.447456,48.21675,51.091296,50.770501,57.899269,57.265414,55.954093,59.912763,58.870119,55.08883,57.294829,61.797134,67.816309,73.129843,79.097925,83.389922,87.406186,89.224548,91.784655,95.295572,98.643589,105.35722,115.47945,121.57852,119.08785,118.89628,116.49059,113.88689,113.05855,108.74276,108.51307,105.94745,105.14083,104.74201,106.17675,106.25696,103.4635,105.8016,116.13887,118.75559,119.12696,125.89866,131.85192,134.79525,134.78817,134.23978,133.7409,134.19834,133.89806,154.37916,145.81247,138.34522,134.63732,135.32627
United States,83.126037,72.955032,72.525492,71.753219,73.568066,68.498633,64.726033,62.329546,64.927332,62.335885,60.832947,61.393351,59.371678,57.954916,55.988829,53.060492,50.144581,50.395849,48.73687,45.939659,46.228617,46.639114,45.073158,42.257212,41.160763,44.419521,44.598714,43.301052,42.086737,40.668018,41.268459,40.390362,45.01271,47.920336,49.568908,54.205577,57.663935,59.466124,60.338227,60.455952,62.162725,66.545629,68.809346,70.796786,69.579457,69.110259,68.234457,65.839581,62.603912,59.031395,53.169404,53.331469,55.722557,58.803416,66.277188,65.607959,64.343452,64.739251,73.589542,86.786798,95.347358,99.680764,103.24415,104.52196,104.42918,104.85393,106.78034,105.72778,107.04127,108.19672,132.03249,124.71632,118.8064,118.99808,120.78568
Canada,87.749903,76.520917,70.054312,67.192534,68.277314,66.456116,58.404764,57.632371,63.096356,64.175397,64.874549,67.360435,66.641207,65.377952,62.025052,58.308955,57.071468,57.024001,56.320384,54.425403,56.74467,57.892179,56.689727,52.330526,49.502748,49.877217,42.836137,44.299541,47.117918,44.161177,44.589724,46.07713,51.706678,57.211249,60.212917,65.166256,69.32348,69.76068,69.7445,70.986777,73.744251,81.658172,88.229988,94.730248,97.480466,100.08417,100.24388,95.272492,93.290188,88.965669,80.436608,81.462033,79.604069,75.911797,71.8894,70.64041,69.919832,67.181353,70.35535,81.804123,83.976212,84.286296,87.150948,87.60508,85.540514,92.028852,92.396824,90.942246,90.776119,90.210165,118.06558,112.61731,104.20738,107.71072,110.76918
Netherlands,143.72789,123.92654,111.84604,106.24157,92.859918,83.85586,78.476066,76.043519,78.540773,76.874519,69.860181,69.008782,66.794123,64.610273,59.800392,58.38099,58.16345,57.582767,56.952527,48.183889,46.08408,43.658602,41.326412,38.115462,36.280068,36.053501,35.150885,34.917365,38.088888,39.46066,43.556597,46.877498,52.443797,58.40192,61.917569,67.093096,68.948811,71.292392,73.694593,73.740136,75.020128,74.814412,75.589688,76.665048,73.496949,73.030494,71.245873,65.696316,62.679978,58.601,52.154731,49.414111,48.692685,49.804331,50.095095,49.57984,44.960371,42.741118,54.352302,56.289781,58.897207,61.166928,65.690364,67.160631,67.16591,63.799335,60.882702,55.985728,51.521772,47.597458,53.347794,50.431271,48.345274,45.098206,43.234729
United Kingdom,179.89667,162.18009,150.14853,140.87122,135.84146,127.55345,119.0355,112.63947,108.93689,103.3618,97.938579,94.152184,90.98159,89.213628,82.645272,77.227696,74.67233,71.868372,70.964438,66.036904,73.421641,67.936117,65.039682,58.538645,56.166139,49.589365,47.683601,53.680622,47.254308,44.521022,43.709274,41.131367,44.700805,44.199324,44.139236,42.894147,42.862741,41.752464,36.584168,31.43626,28.262052,28.722,33.977266,42.115983,40.703311,45.057845,44.738476,44.132032,41.969512,40.409759,37.685691,34.957749,35.434462,36.763689,39.801548,41.000423,42.058289,43.173898,50.827372,64.915012,75.86023,81.425066,84.482601,85.316059,87.094325,87.866687,87.82519,86.722814,86.345145,85.657192,105.84011,105.13074,99.613684,100.36298,101.28941
"China, People's Republic of",no data,no data,no data,no data,no data,no data,no data,no data,no data,no data,no data,no data,no data,no data,no data,no data,no data,no data,no data,no data,no data,no data,no data,no data,no data,no data,no data,no data,no data,no data,no data,no data,no data,no data,no data,no data,no data,no data,no data,no data,no data,no data,no data,no data,no data,21.423797,21.220679,20.394346,20.438078,21.609056,22.707831,24.252332,25.553138,26.41798,25.999898,25.910046,25.173645,28.707723,26.715032,33.984778,33.343159,33.184085,33.825236,36.437679,39.307847,40.781626,49.71999,53.903251,55.577191,59.441472,69.035362,70.146806,75.453183,82.013641,88.327128
France,no data,no data,no data,no data,no data,no data,no data,no data,no data,no data,no data,no data,no data,no data,no data,no data,no data,no data,no data,no data,no data,no data,no data,no data,no data,no data,no data,no data,21.425996,21.538828,21.298485,22.63993,26.201027,27.733164,30.190666,31.851217,32.395672,34.755291,34.667055,35.525607,36.791325,37.772083,41.705228,48.157848,51.580402,57.805004,60.593469,61.983253,62.099697,61.423125,59.721388,59.322254,61.256043,65.36386,66.879403,68.186037,65.400811,65.476775,69.819176,84.055614,86.27793,88.749329,91.741949,94.555055,96.163266,96.970022,98.153121,98.761564,98.528337,98.161875,114.90004,112.78574,111.3631,109.77403,113.10798
India,no data,no data,no data,no data,no data,no data,no data,no data,no data,no data,no data,no data,no data,no data,no data,no data,no data,no data,no data,no data,no data,no data,no data,no data,no data,no data,no data,no data,no data,no data,no data,no data,no data,no data,no data,no data,no data,no data,no data,no data,no data,76.653394,78.762417,78.328376,74.752747,70.875515,67.133481,69.007533,69.283871,71.266784,74.940513,80.110431,84.304258,85.882905,84.890373,82.377826,77.941104,75.455097,74.367659,72.769814,67.701787,68.647829,67.984532,67.713353,67.102041,69.048587,68.943091,69.669383,70.392344,75.040396,88.426608,83.486538,82.17323,81.230795,81.285982
Ireland,no data,no data,no data,no data,no data,no data,no data,no data,no data,no data,no data,no data,no data,no data,no data,no data,no data,no data,no data,no data,no data,no data,no data,no data,no data,no data,no data,no data,no data,63.457207,64.601484,68.781936,73.450466,86.146982,90.231415,92.958831,107.23114,108.26389,106.50778,97.920509,92.656185,93.763033,90.567092,93.368515,88.020232,78.521928,69.833403,61.578386,51.413883,46.570142,36.41231,33.577882,30.889572,29.832048,28.103149,26.059681,23.653226,23.948394,42.513736,61.76463,86.134993,109.42825,118.72992,117.49445,101.27588,73.961599,72.639624,65.233855,61.471633,55.924411,57.00719,52.564195,43.149197,43.283309,41.113213
Japan,no data,no data,no data,no data,no data,13.503016,14.889601,12.019665,12.831277,12.1211,10.413437,8.4405844,9.0138887,8.6562559,8.5252259,9.7786935,11.216134,11.356836,11.81746,11.436378,11.24863,12.604938,16.305228,15.896144,16.705092,20.889573,26.097625,31.102928,39.046826,43.812703,47.775621,52.814987,57.730372,63.51113,65.601839,68.309844,74.079102,75.833458,71.944262,65.674493,63.232682,62.384549,66.765616,72.837523,84.361173,92.525578,98.05354,104.97094,116.01995,129.50119,135.6086,145.12353,154.09566,160.02076,169.48993,174.5947,174.14256,172.95109,180.85069,198.80682,205.87929,219.16162,226.09283,229.45072,233.28113,228.27837,232.42123,231.32077,232.3803,236.38106,258.36886,253.65204,248.30916,239.97054,236.65953
"Korea, Republic of",no data,no data,no data,no data,no data,no data,no data,no data,no data,no data,no data,no data,no data,no data,no data,no data,no data,no data,no data,no data,no data,no data,no data,no data,no data,no data,no data,no data,no data,no data,no data,no data,no data,no data,no data,no data,no data,no data,no data,no data,12.787315,11.92572,11.645269,10.862126,9.6310384,8.484557,7.8105397,9.6939101,13.81718,15.759142,16.087068,16.625069,16.444395,19.101829,21.602522,24.917414,27.043411,26.345625,25.856443,28.790524,28.274647,31.700104,33.535501,36.003965,37.876458,38.842657,39.143586,38.011446,37.854018,39.729917,45.915048,47.987823,49.797859,50.696557,52.487525
Malaysia,no data,no data,no data,no data,no data,no data,no data,no data,no data,no data,no data,no data,no data,no data,no data,no data,no data,no data,no data,no data,no data,no data,no data,no data,no data,no data,no data,no data,no data,no data,no data,no data,no data,no data,no data,no data,no data,no data,no data,no data,74.128536,67.319254,59.109206,51.134407,43.723142,38.165753,32.76919,29.62035,33.636423,34.362522,32.517879,38.06503,39.532114,41.393131,41.960132,40.777806,39.661654,39.348314,39.360854,50.40803,51.212214,51.898322,53.787502,55.656453,55.373068,56.970772,55.787491,54.395472,55.645963,57.082522,67.69311,69.162165,65.500132,69.749496,70.390735
Romania,no data,no data,no data,no data,no data,no data,no data,no data,no data,no data,no data,no data,no data,no data,no data,no data,no data,no data,no data,no data,no data,no data,no data,no data,no data,no data,no data,no data,no data,no data,no data,no data,no data,no data,no data,no data,no data,no data,no data,no data,no data,no data,no data,no data,no data,6.9057355,10.994867,15.030701,16.466335,21.721897,22.486587,25.869442,24.820797,22.109332,18.945246,15.90511,12.423584,11.949157,12.331628,21.773862,28.961425,32.344751,35.374485,37.781263,39.136694,37.711294,37.833877,35.262252,34.375456,34.962178,46.611593,48.339013,47.895988,48.875594,54.581212
Russian Federation,no data,no data,no data,no data,no data,no data,no data,no data,no data,no data,no data,no data,no data,no data,no data,no data,no data,no data,no data,no data,no data,no data,no data,no data,no data,no data,no data,no data,no data,no data,no data,no data,no data,no data,no data,no data,no data,no data,no data,no data,no data,no data,no data,no data,no data,no data,no data,no data,135.1933,92.379379,55.868371,44.438155,37.577188,28.334198,20.827898,14.85063,9.8039012,8.0326956,7.4462447,9.9181918,10.105264,10.340154,11.167431,12.348062,15.135824,15.28642,14.849323,14.311072,13.619616,13.747518,19.156129,16.524341,18.480342,19.486623,20.302591
Switzerland,no data,no data,no data,no data,no data,no data,no data,no data,no data,no data,no data,no data,no data,no data,no data,no data,no data,no data,no data,no data,no data,no data,no data,no data,no data,no data,no data,no data,no data,no data,no data,no data,no data,33.322485,33.005222,32.417934,31.128789,30.239281,28.993612,26.941506,33.33143,35.092407,39.487218,44.372402,47.078919,49.994437,51.339083,53.671176,55.938444,52.685049,52.225356,51.07727,57.699737,56.876919,57.802975,54.884316,48.46323,44.750984,44.817402,43.091054,41.456666,41.882551,42.56903,41.947608,42.070336,42.160255,40.933626,41.751039,39.783452,39.637382,43.200142,40.980365,37.191378,38.679454,37.577806
Taiwan Province of China,no data,no data,no data,no data,no data,no data,no data,no data,no data,no data,no data,no data,no data,no data,no data,no data,no data,no data,no data,no data,no data,no data,no data,no data,no data,no data,no data,no data,no data,no data,no data,no data,no data,no data,no data,no data,no data,no data,no data,no data,no data,no data,no data,no data,no data,no data,no data,24.98249,23.686645,23.690115,26.227295,30.125563,29.778821,32.14996,33.445752,34.067814,33.296974,32.156545,33.353176,36.710795,36.889863,38.34263,39.204933,38.894747,37.488433,35.941432,35.36392,34.457937,33.831378,32.612034,31.958246,30.085622,29.482617,29.044261,26.165001
Thailand,no data,no data,no data,no data,no data,no data,no data,no data,no data,no data,no data,no data,no data,no data,no data,no data,no data,no data,no data,no data,no data,no data,no data,no data,no data,no data,no data,no data,no data,no data,no data,no data,no data,no data,no data,no data,no data,no data,no data,no data,no data,no data,no data,no data,no data,no data,no data,no data,no data,no data,no data,no data,no data,no data,no data,25.896613,23.992813,22.899202,22.079366,26.795897,27.782025,27.315354,28.516681,29.638856,29.951162,32.216929,30.691023,32.527594,33.952898,34.046603,45.095585,52.779103,53.739223,54.629002,57.172238
