YEAR,DISTRICTS_CODE,DISTRICTS,SEX,AGE,OBS_VALUE
2021,A,中西區,M,0-14,12
2021,A,中西區,M,15-24,7.8
2021,A,中西區,M,25-34,12.6
2021,A,中西區,M,35-44,14.9
2021,A,中西區,M,45-54,14.4
2021,A,中西區,M,55-64,15.7
2021,A,中西區,M,25-64,57.6
2021,A,中西區,M,65+,20.2
2021,A,中西區,M,,97.6
2021,A,中西區,M,0-14,12.3
2021,A,中西區,M,15-24,8
2021,A,中西區,M,25-34,12.9
2021,A,中西區,M,35-44,15.2
2021,A,中西區,M,45-54,14.8
2021,A,中西區,M,55-64,16.1
2021,A,中西區,M,25-64,59
2021,A,中西區,M,65+,20.7
2021,A,中西區,M,,100
2021,A,中西區,F,0-14,12.2
2021,A,中西區,F,15-24,9
2021,A,中西區,F,25-34,23
2021,A,中西區,F,35-44,27.3
2021,A,中西區,F,45-54,22.4
2021,A,中西區,F,55-64,18.6
2021,A,中西區,F,25-64,91.3
2021,A,中西區,F,65+,23.4
2021,A,中西區,F,,135.9
2021,A,中西區,F,0-14,9
2021,A,中西區,F,15-24,6.6
2021,A,中西區,F,25-34,16.9
2021,A,中西區,F,35-44,20.1
2021,A,中西區,F,45-54,16.5
2021,A,中西區,F,55-64,13.7
2021,A,中西區,F,25-64,67.2
2021,A,中西區,F,65+,17.3
2021,A,中西區,F,,100
2021,A,中西區,,0-14,24.2
2021,A,中西區,,15-24,16.7
2021,A,中西區,,25-34,35.5
2021,A,中西區,,35-44,42.2
2021,A,中西區,,45-54,36.8
2021,A,中西區,,55-64,34.3
2021,A,中西區,,25-64,148.8
2021,A,中西區,,65+,43.6
2021,A,中西區,,,233.4
2021,A,中西區,,0-14,10.4
2021,A,中西區,,15-24,7.2
2021,A,中西區,,25-34,15.2
2021,A,中西區,,35-44,18.1
2021,A,中西區,,45-54,15.8
2021,A,中西區,,55-64,14.7
2021,A,中西區,,25-64,63.8
2021,A,中西區,,65+,18.7
2021,A,中西區,,,100
2021,B,灣仔區,M,0-14,8.3
2021,B,灣仔區,M,15-24,4.7
2021,B,灣仔區,M,25-34,7.6
2021,B,灣仔區,M,35-44,9.7
2021,B,灣仔區,M,45-54,10.5
2021,B,灣仔區,M,55-64,10.3
2021,B,灣仔區,M,25-64,38.1
2021,B,灣仔區,M,65+,15.2
2021,B,灣仔區,M,,66.3
2021,B,灣仔區,M,0-14,12.5
2021,B,灣仔區,M,15-24,7.1
2021,B,灣仔區,M,25-34,11.4
2021,B,灣仔區,M,35-44,14.7
2021,B,灣仔區,M,45-54,15.8
2021,B,灣仔區,M,55-64,15.5
2021,B,灣仔區,M,25-64,57.4
2021,B,灣仔區,M,65+,23
2021,B,灣仔區,M,,100
2021,B,灣仔區,F,0-14,8.8
2021,B,灣仔區,F,15-24,5
2021,B,灣仔區,F,25-34,15.2
2021,B,灣仔區,F,35-44,21.3
2021,B,灣仔區,F,45-54,16.3
2021,B,灣仔區,F,55-64,13.5
2021,B,灣仔區,F,25-64,66.2
2021,B,灣仔區,F,65+,18.8
2021,B,灣仔區,F,,98.9
2021,B,灣仔區,F,0-14,8.9
2021,B,灣仔區,F,15-24,5.1
2021,B,灣仔區,F,25-34,15.3
2021,B,灣仔區,F,35-44,21.5
2021,B,灣仔區,F,45-54,16.5
2021,B,灣仔區,F,55-64,13.7
2021,B,灣仔區,F,25-64,67
2021,B,灣仔區,F,65+,19.1
2021,B,灣仔區,F,,100
2021,B,灣仔區,,0-14,17.1
2021,B,灣仔區,,15-24,9.7
2021,B,灣仔區,,25-34,22.7
2021,B,灣仔區,,35-44,31
2021,B,灣仔區,,45-54,26.8
2021,B,灣仔區,,55-64,23.8
2021,B,灣仔區,,25-64,104.3
2021,B,灣仔區,,65+,34.1
2021,B,灣仔區,,,165.1
2021,B,灣仔區,,0-14,10.3
2021,B,灣仔區,,15-24,5.9
2021,B,灣仔區,,25-34,13.8
2021,B,灣仔區,,35-44,18.8
2021,B,灣仔區,,45-54,16.2
2021,B,灣仔區,,55-64,14.4
2021,B,灣仔區,,25-64,63.1
2021,B,灣仔區,,65+,20.6
2021,B,灣仔區,,,100
2021,C,東區,M,0-14,26.5
2021,C,東區,M,15-24,18.1
2021,C,東區,M,25-34,26.6
2021,C,東區,M,35-44,30.6
2021,C,東區,M,45-54,33.9
2021,C,東區,M,55-64,41.1
2021,C,東區,M,25-64,132.2
2021,C,東區,M,65+,54.2
2021,C,東區,M,,231
2021,C,東區,M,0-14,11.5
2021,C,東區,M,15-24,7.8
2021,C,東區,M,25-34,11.5
2021,C,東區,M,35-44,13.3
2021,C,東區,M,45-54,14.7
2021,C,東區,M,55-64,17.8
2021,C,東區,M,25-64,57.2
2021,C,東區,M,65+,23.5
2021,C,東區,M,,100
2021,C,東區,F,0-14,25
2021,C,東區,F,15-24,17.8
2021,C,東區,F,25-34,35.3
2021,C,東區,F,35-44,51.2
2021,C,東區,F,45-54,48.6
2021,C,東區,F,55-64,50.3
2021,C,東區,F,25-64,185.5
2021,C,東區,F,65+,65.8
2021,C,東區,F,,294.1
2021,C,東區,F,0-14,8.5
2021,C,東區,F,15-24,6.1
2021,C,東區,F,25-34,12
2021,C,東區,F,35-44,17.4
2021,C,東區,F,45-54,16.5
2021,C,東區,F,55-64,17.1
2021,C,東區,F,25-64,63.1
2021,C,東區,F,65+,22.4
2021,C,東區,F,,100
2021,C,東區,,0-14,51.5
2021,C,東區,,15-24,35.9
2021,C,東區,,25-34,62
2021,C,東區,,35-44,81.8
2021,C,東區,,45-54,82.5
2021,C,東區,,55-64,91.4
2021,C,東區,,25-64,317.7
2021,C,東區,,65+,120
2021,C,東區,,,525.1
2021,C,東區,,0-14,9.8
2021,C,東區,,15-24,6.8
2021,C,東區,,25-34,11.8
2021,C,東區,,35-44,15.6
2021,C,東區,,45-54,15.7
2021,C,東區,,55-64,17.4
2021,C,東區,,25-64,60.5
2021,C,東區,,65+,22.9
2021,C,東區,,,100
2021,D,南區,M,0-14,13.7
2021,D,南區,M,15-24,9.4
2021,D,南區,M,25-34,12.4
2021,D,南區,M,35-44,14.7
2021,D,南區,M,45-54,17.7
2021,D,南區,M,55-64,20.5
2021,D,南區,M,25-64,65.3
2021,D,南區,M,65+,24
2021,D,南區,M,,112.3
2021,D,南區,M,0-14,12.2
2021,D,南區,M,15-24,8.3
2021,D,南區,M,25-34,11.1
2021,D,南區,M,35-44,13.1
2021,D,南區,M,45-54,15.7
2021,D,南區,M,55-64,18.2
2021,D,南區,M,25-64,58.1
2021,D,南區,M,65+,21.4
2021,D,南區,M,,100
2021,D,南區,F,0-14,13.3
2021,D,南區,F,15-24,9.1
2021,D,南區,F,25-34,17.9
2021,D,南區,F,35-44,26.3
2021,D,南區,F,45-54,24.9
2021,D,南區,F,55-64,24
2021,D,南區,F,25-64,93
2021,D,南區,F,65+,28.3
2021,D,南區,F,,143.8
2021,D,南區,F,0-14,9.3
2021,D,南區,F,15-24,6.3
2021,D,南區,F,25-34,12.4
2021,D,南區,F,35-44,18.3
2021,D,南區,F,45-54,17.3
2021,D,南區,F,55-64,16.7
2021,D,南區,F,25-64,64.7
2021,D,南區,F,65+,19.7
2021,D,南區,F,,100
2021,D,南區,,0-14,27
2021,D,南區,,15-24,18.5
2021,D,南區,,25-34,30.3
2021,D,南區,,35-44,40.9
2021,D,南區,,45-54,42.5
2021,D,南區,,55-64,44.5
2021,D,南區,,25-64,158.3
2021,D,南區,,65+,52.4
2021,D,南區,,,256.1
2021,D,南區,,0-14,10.6
2021,D,南區,,15-24,7.2
2021,D,南區,,25-34,11.8
2021,D,南區,,35-44,16
2021,D,南區,,45-54,16.6
2021,D,南區,,55-64,17.4
2021,D,南區,,25-64,61.8
2021,D,南區,,65+,20.4
2021,D,南區,,,100
2021,E,油尖旺區,M,0-14,18.2
2021,E,油尖旺區,M,15-24,11.1
2021,E,油尖旺區,M,25-34,18.3
2021,E,油尖旺區,M,35-44,21.1
2021,E,油尖旺區,M,45-54,21.8
2021,E,油尖旺區,M,55-64,21.2
2021,E,油尖旺區,M,25-64,82.4
2021,E,油尖旺區,M,65+,25
2021,E,油尖旺區,M,,136.8
2021,E,油尖旺區,M,0-14,13.3
2021,E,油尖旺區,M,15-24,8.1
2021,E,油尖旺區,M,25-34,13.4
2021,E,油尖旺區,M,35-44,15.5
2021,E,油尖旺區,M,45-54,15.9
2021,E,油尖旺區,M,55-64,15.5
2021,E,油尖旺區,M,25-64,60.3
2021,E,油尖旺區,M,65+,18.3
2021,E,油尖旺區,M,,100
2021,E,油尖旺區,F,0-14,17.9
2021,E,油尖旺區,F,15-24,12
2021,E,油尖旺區,F,25-34,27.5
2021,E,油尖旺區,F,35-44,33.9
2021,E,油尖旺區,F,45-54,29.4
2021,E,油尖旺區,F,55-64,21.9
2021,E,油尖旺區,F,25-64,112.6
2021,E,油尖旺區,F,65+,27.4
2021,E,油尖旺區,F,,170
2021,E,油尖旺區,F,0-14,10.6
2021,E,油尖旺區,F,15-24,7.1
2021,E,油尖旺區,F,25-34,16.2
2021,E,油尖旺區,F,35-44,19.9
2021,E,油尖旺區,F,45-54,17.3
2021,E,油尖旺區,F,55-64,12.9
2021,E,油尖旺區,F,25-64,66.3
2021,E,油尖旺區,F,65+,16.1
2021,E,油尖旺區,F,,100
2021,E,油尖旺區,,0-14,36.2
2021,E,油尖旺區,,15-24,23.1
2021,E,油尖旺區,,25-34,45.8
2021,E,油尖旺區,,35-44,55
2021,E,油尖旺區,,45-54,51.2
2021,E,油尖旺區,,55-64,43.1
2021,E,油尖旺區,,25-64,195.1
2021,E,油尖旺區,,65+,52.4
2021,E,油尖旺區,,,306.8
2021,E,油尖旺區,,0-14,11.8
2021,E,油尖旺區,,15-24,7.5
2021,E,油尖旺區,,25-34,14.9
2021,E,油尖旺區,,35-44,17.9
2021,E,油尖旺區,,45-54,16.7
2021,E,油尖旺區,,55-64,14.1
2021,E,油尖旺區,,25-64,63.6
2021,E,油尖旺區,,65+,17.1
2021,E,油尖旺區,,,100
2021,F,深水埗區,M,0-14,25.6
2021,F,深水埗區,M,15-24,17.9
2021,F,深水埗區,M,25-34,24.8
2021,F,深水埗區,M,35-44,26.6
2021,F,深水埗區,M,45-54,28.2
2021,F,深水埗區,M,55-64,31.8
2021,F,深水埗區,M,25-64,111.4
2021,F,深水埗區,M,65+,39.1
2021,F,深水埗區,M,,193.9
2021,F,深水埗區,M,0-14,13.2
2021,F,深水埗區,M,15-24,9.2
2021,F,深水埗區,M,25-34,12.8
2021,F,深水埗區,M,35-44,13.7
2021,F,深水埗區,M,45-54,14.5
2021,F,深水埗區,M,55-64,16.4
2021,F,深水埗區,M,25-64,57.4
2021,F,深水埗區,M,65+,20.2
2021,F,深水埗區,M,,100
2021,F,深水埗區,F,0-14,23.4
2021,F,深水埗區,F,15-24,17.2
2021,F,深水埗區,F,25-34,30.1
2021,F,深水埗區,F,35-44,40.2
2021,F,深水埗區,F,45-54,39.5
2021,F,深水埗區,F,55-64,35.1
2021,F,深水埗區,F,25-64,144.9
2021,F,深水埗區,F,65+,44.5
2021,F,深水埗區,F,,230.1
2021,F,深水埗區,F,0-14,10.2
2021,F,深水埗區,F,15-24,7.5
2021,F,深水埗區,F,25-34,13.1
2021,F,深水埗區,F,35-44,17.5
2021,F,深水埗區,F,45-54,17.1
2021,F,深水埗區,F,55-64,15.3
2021,F,深水埗區,F,25-64,63
2021,F,深水埗區,F,65+,19.3
2021,F,深水埗區,F,,100
2021,F,深水埗區,,0-14,49
2021,F,深水埗區,,15-24,35.1
2021,F,深水埗區,,25-34,55
2021,F,深水埗區,,35-44,66.8
2021,F,深水埗區,,45-54,67.6
2021,F,深水埗區,,55-64,66.9
2021,F,深水埗區,,25-64,256.3
2021,F,深水埗區,,65+,83.6
2021,F,深水埗區,,,424
2021,F,深水埗區,,0-14,11.6
2021,F,深水埗區,,15-24,8.3
2021,F,深水埗區,,25-34,13
2021,F,深水埗區,,35-44,15.8
2021,F,深水埗區,,45-54,15.9
2021,F,深水埗區,,55-64,15.8
2021,F,深水埗區,,25-64,60.4
2021,F,深水埗區,,65+,19.7
2021,F,深水埗區,,,100
2021,G,九龍城區,M,0-14,25.9
2021,G,九龍城區,M,15-24,15.5
2021,G,九龍城區,M,25-34,21.7
2021,G,九龍城區,M,35-44,24.3
2021,G,九龍城區,M,45-54,27.4
2021,G,九龍城區,M,55-64,26.9
2021,G,九龍城區,M,25-64,100.3
2021,G,九龍城區,M,65+,35
2021,G,九龍城區,M,,176.7
2021,G,九龍城區,M,0-14,14.6
2021,G,九龍城區,M,15-24,8.8
2021,G,九龍城區,M,25-34,12.3
2021,G,九龍城區,M,35-44,13.8
2021,G,九龍城區,M,45-54,15.5
2021,G,九龍城區,M,55-64,15.2
2021,G,九龍城區,M,25-64,56.8
2021,G,九龍城區,M,65+,19.8
2021,G,九龍城區,M,,100
2021,G,九龍城區,F,0-14,24.3
2021,G,九龍城區,F,15-24,15.7
2021,G,九龍城區,F,25-34,31.4
2021,G,九龍城區,F,35-44,44
2021,G,九龍城區,F,45-54,38.4
2021,G,九龍城區,F,55-64,31.3
2021,G,九龍城區,F,25-64,145.1
2021,G,九龍城區,F,65+,42.4
2021,G,九龍城區,F,,227.5
2021,G,九龍城區,F,0-14,10.7
2021,G,九龍城區,F,15-24,6.9
2021,G,九龍城區,F,25-34,13.8
2021,G,九龍城區,F,35-44,19.3
2021,G,九龍城區,F,45-54,16.9
2021,G,九龍城區,F,55-64,13.7
2021,G,九龍城區,F,25-64,63.8
2021,G,九龍城區,F,65+,18.7
2021,G,九龍城區,F,,100
2021,G,九龍城區,,0-14,50.1
2021,G,九龍城區,,15-24,31.2
2021,G,九龍城區,,25-34,53
2021,G,九龍城區,,35-44,68.3
2021,G,九龍城區,,45-54,65.8
2021,G,九龍城區,,55-64,58.2
2021,G,九龍城區,,25-64,245.4
2021,G,九龍城區,,65+,77.5
2021,G,九龍城區,,,404.2
2021,G,九龍城區,,0-14,12.4
2021,G,九龍城區,,15-24,7.7
2021,G,九龍城區,,25-34,13.1
2021,G,九龍城區,,35-44,16.9
2021,G,九龍城區,,45-54,16.3
2021,G,九龍城區,,55-64,14.4
2021,G,九龍城區,,25-64,60.7
2021,G,九龍城區,,65+,19.2
2021,G,九龍城區,,,100
2021,H,黃大仙區,M,0-14,18.6
2021,H,黃大仙區,M,15-24,17.3
2021,H,黃大仙區,M,25-34,24.9
2021,H,黃大仙區,M,35-44,22.1
2021,H,黃大仙區,M,45-54,26.6
2021,H,黃大仙區,M,55-64,36.6
2021,H,黃大仙區,M,25-64,110.2
2021,H,黃大仙區,M,65+,40.7
2021,H,黃大仙區,M,,186.8
2021,H,黃大仙區,M,0-14,9.9
2021,H,黃大仙區,M,15-24,9.3
2021,H,黃大仙區,M,25-34,13.3
2021,H,黃大仙區,M,35-44,11.8
2021,H,黃大仙區,M,45-54,14.2
2021,H,黃大仙區,M,55-64,19.6
2021,H,黃大仙區,M,25-64,59
2021,H,黃大仙區,M,65+,21.8
2021,H,黃大仙區,M,,100
2021,H,黃大仙區,F,0-14,17.4
2021,H,黃大仙區,F,15-24,16.3
2021,H,黃大仙區,F,25-34,25.7
2021,H,黃大仙區,F,35-44,30.8
2021,H,黃大仙區,F,45-54,36.3
2021,H,黃大仙區,F,55-64,40.3
2021,H,黃大仙區,F,25-64,133
2021,H,黃大仙區,F,65+,49.5
2021,H,黃大仙區,F,,216.2
2021,H,黃大仙區,F,0-14,8
2021,H,黃大仙區,F,15-24,7.6
2021,H,黃大仙區,F,25-34,11.9
2021,H,黃大仙區,F,35-44,14.2
2021,H,黃大仙區,F,45-54,16.8
2021,H,黃大仙區,F,55-64,18.6
2021,H,黃大仙區,F,25-64,61.5
2021,H,黃大仙區,F,65+,22.9
2021,H,黃大仙區,F,,100
2021,H,黃大仙區,,0-14,36
2021,H,黃大仙區,,15-24,33.6
2021,H,黃大仙區,,25-34,50.6
2021,H,黃大仙區,,35-44,52.9
2021,H,黃大仙區,,45-54,62.9
2021,H,黃大仙區,,55-64,76.8
2021,H,黃大仙區,,25-64,243.2
2021,H,黃大仙區,,65+,90.2
2021,H,黃大仙區,,,403
2021,H,黃大仙區,,0-14,8.9
2021,H,黃大仙區,,15-24,8.3
2021,H,黃大仙區,,25-34,12.6
2021,H,黃大仙區,,35-44,13.1
2021,H,黃大仙區,,45-54,15.6
2021,H,黃大仙區,,55-64,19.1
2021,H,黃大仙區,,25-64,60.4
2021,H,黃大仙區,,65+,22.4
2021,H,黃大仙區,,,100
2021,J,觀塘區,M,0-14,36.6
2021,J,觀塘區,M,15-24,30.7
2021,J,觀塘區,M,25-34,38.5
2021,J,觀塘區,M,35-44,38.7
2021,J,觀塘區,M,45-54,46.2
2021,J,觀塘區,M,55-64,52.7
2021,J,觀塘區,M,25-64,176.2
2021,J,觀塘區,M,65+,66.1
2021,J,觀塘區,M,,309.6
2021,J,觀塘區,M,0-14,11.8
2021,J,觀塘區,M,15-24,9.9
2021,J,觀塘區,M,25-34,12.4
2021,J,觀塘區,M,35-44,12.5
2021,J,觀塘區,M,45-54,14.9
2021,J,觀塘區,M,55-64,17
2021,J,觀塘區,M,25-64,56.9
2021,J,觀塘區,M,65+,21.3
2021,J,觀塘區,M,,100
2021,J,觀塘區,F,0-14,33.2
2021,J,觀塘區,F,15-24,29.2
2021,J,觀塘區,F,25-34,42.2
2021,J,觀塘區,F,35-44,54.5
2021,J,觀塘區,F,45-54,61.9
2021,J,觀塘區,F,55-64,59
2021,J,觀塘區,F,25-64,217.7
2021,J,觀塘區,F,65+,77.7
2021,J,觀塘區,F,,357.9
2021,J,觀塘區,F,0-14,9.3
2021,J,觀塘區,F,15-24,8.2
2021,J,觀塘區,F,25-34,11.8
2021,J,觀塘區,F,35-44,15.2
2021,J,觀塘區,F,45-54,17.3
2021,J,觀塘區,F,55-64,16.5
2021,J,觀塘區,F,25-64,60.8
2021,J,觀塘區,F,65+,21.7
2021,J,觀塘區,F,,100
2021,J,觀塘區,,0-14,69.8
2021,J,觀塘區,,15-24,59.9
2021,J,觀塘區,,25-34,80.7
2021,J,觀塘區,,35-44,93.3
2021,J,觀塘區,,45-54,108.2
2021,J,觀塘區,,55-64,111.7
2021,J,觀塘區,,25-64,393.9
2021,J,觀塘區,,65+,143.8
2021,J,觀塘區,,,667.4
2021,J,觀塘區,,0-14,10.5
2021,J,觀塘區,,15-24,9
2021,J,觀塘區,,25-34,12.1
2021,J,觀塘區,,35-44,14
2021,J,觀塘區,,45-54,16.2
2021,J,觀塘區,,55-64,16.7
2021,J,觀塘區,,25-64,59
2021,J,觀塘區,,65+,21.5
2021,J,觀塘區,,,100
2021,S,葵青區,M,0-14,25.4
2021,S,葵青區,M,15-24,21.9
2021,S,葵青區,M,25-34,29.7
2021,S,葵青區,M,35-44,29.9
2021,S,葵青區,M,45-54,34.4
2021,S,葵青區,M,55-64,38.3
2021,S,葵青區,M,25-64,132.3
2021,S,葵青區,M,65+,48.4
2021,S,葵青區,M,,228
2021,S,葵青區,M,0-14,11.2
2021,S,葵青區,M,15-24,9.6
2021,S,葵青區,M,25-34,13
2021,S,葵青區,M,35-44,13.1
2021,S,葵青區,M,45-54,15.1
2021,S,葵青區,M,55-64,16.8
2021,S,葵青區,M,25-64,58
2021,S,葵青區,M,65+,21.2
2021,S,葵青區,M,,100
2021,S,葵青區,F,0-14,23.6
2021,S,葵青區,F,15-24,20.5
2021,S,葵青區,F,25-34,31.9
2021,S,葵青區,F,35-44,39.9
2021,S,葵青區,F,45-54,43.7
2021,S,葵青區,F,55-64,44.1
2021,S,葵青區,F,25-64,159.7
2021,S,葵青區,F,65+,55.4
2021,S,葵青區,F,,259.2
2021,S,葵青區,F,0-14,9.1
2021,S,葵青區,F,15-24,7.9
2021,S,葵青區,F,25-34,12.3
2021,S,葵青區,F,35-44,15.4
2021,S,葵青區,F,45-54,16.9
2021,S,葵青區,F,55-64,17
2021,S,葵青區,F,25-64,61.6
2021,S,葵青區,F,65+,21.4
2021,S,葵青區,F,,100
2021,S,葵青區,,0-14,49.1
2021,S,葵青區,,15-24,42.3
2021,S,葵青區,,25-34,61.7
2021,S,葵青區,,35-44,69.8
2021,S,葵青區,,45-54,78.2
2021,S,葵青區,,55-64,82.4
2021,S,葵青區,,25-64,292
2021,S,葵青區,,65+,103.8
2021,S,葵青區,,,487.2
2021,S,葵青區,,0-14,10.1
2021,S,葵青區,,15-24,8.7
2021,S,葵青區,,25-34,12.7
2021,S,葵青區,,35-44,14.3
2021,S,葵青區,,45-54,16
2021,S,葵青區,,55-64,16.9
2021,S,葵青區,,25-64,59.9
2021,S,葵青區,,65+,21.3
2021,S,葵青區,,,100
2021,K,荃灣區,M,0-14,19.4
2021,K,荃灣區,M,15-24,12.2
2021,K,荃灣區,M,25-34,18.5
2021,K,荃灣區,M,35-44,21.1
2021,K,荃灣區,M,45-54,23.5
2021,K,荃灣區,M,55-64,24.3
2021,K,荃灣區,M,25-64,87.4
2021,K,荃灣區,M,65+,25.9
2021,K,荃灣區,M,,145
2021,K,荃灣區,M,0-14,13.4
2021,K,荃灣區,M,15-24,8.4
2021,K,荃灣區,M,25-34,12.8
2021,K,荃灣區,M,35-44,14.6
2021,K,荃灣區,M,45-54,16.2
2021,K,荃灣區,M,55-64,16.8
2021,K,荃灣區,M,25-64,60.3
2021,K,荃灣區,M,65+,17.9
2021,K,荃灣區,M,,100
2021,K,荃灣區,F,0-14,18.4
2021,K,荃灣區,F,15-24,12.2
2021,K,荃灣區,F,25-34,23
2021,K,荃灣區,F,35-44,32.6
2021,K,荃灣區,F,45-54,29.5
2021,K,荃灣區,F,55-64,26.9
2021,K,荃灣區,F,25-64,111.9
2021,K,荃灣區,F,65+,29
2021,K,荃灣區,F,,171.4
2021,K,荃灣區,F,0-14,10.7
2021,K,荃灣區,F,15-24,7.1
2021,K,荃灣區,F,25-34,13.4
2021,K,荃灣區,F,35-44,19
2021,K,荃灣區,F,45-54,17.2
2021,K,荃灣區,F,55-64,15.7
2021,K,荃灣區,F,25-64,65.3
2021,K,荃灣區,F,65+,16.9
2021,K,荃灣區,F,,100
2021,K,荃灣區,,0-14,37.8
2021,K,荃灣區,,15-24,24.4
2021,K,荃灣區,,25-34,41.5
2021,K,荃灣區,,35-44,53.7
2021,K,荃灣區,,45-54,53
2021,K,荃灣區,,55-64,51.2
2021,K,荃灣區,,25-64,199.3
2021,K,荃灣區,,65+,54.9
2021,K,荃灣區,,,316.4
2021,K,荃灣區,,0-14,11.9
2021,K,荃灣區,,15-24,7.7
2021,K,荃灣區,,25-34,13.1
2021,K,荃灣區,,35-44,17
2021,K,荃灣區,,45-54,16.7
2021,K,荃灣區,,55-64,16.2
2021,K,荃灣區,,25-64,63
2021,K,荃灣區,,65+,17.4
2021,K,荃灣區,,,100
2021,L,屯門區,M,0-14,27.7
2021,L,屯門區,M,15-24,19.7
2021,L,屯門區,M,25-34,33.1
2021,L,屯門區,M,35-44,36.6
2021,L,屯門區,M,45-54,30.7
2021,L,屯門區,M,55-64,41.4
2021,L,屯門區,M,25-64,141.9
2021,L,屯門區,M,65+,46.6
2021,L,屯門區,M,,235.9
2021,L,屯門區,M,0-14,11.7
2021,L,屯門區,M,15-24,8.4
2021,L,屯門區,M,25-34,14
2021,L,屯門區,M,35-44,15.5
2021,L,屯門區,M,45-54,13
2021,L,屯門區,M,55-64,17.6
2021,L,屯門區,M,25-64,60.2
2021,L,屯門區,M,65+,19.8
2021,L,屯門區,M,,100
2021,L,屯門區,F,0-14,26.3
2021,L,屯門區,F,15-24,18.4
2021,L,屯門區,F,25-34,35.2
2021,L,屯門區,F,35-44,46.3
2021,L,屯門區,F,45-54,42.2
2021,L,屯門區,F,55-64,47.4
2021,L,屯門區,F,25-64,171
2021,L,屯門區,F,65+,46.8
2021,L,屯門區,F,,262.5
2021,L,屯門區,F,0-14,10
2021,L,屯門區,F,15-24,7
2021,L,屯門區,F,25-34,13.4
2021,L,屯門區,F,35-44,17.6
2021,L,屯門區,F,45-54,16.1
2021,L,屯門區,F,55-64,18
2021,L,屯門區,F,25-64,65.1
2021,L,屯門區,F,65+,17.8
2021,L,屯門區,F,,100
2021,L,屯門區,,0-14,54
2021,L,屯門區,,15-24,38.1
2021,L,屯門區,,25-34,68.3
2021,L,屯門區,,35-44,82.9
2021,L,屯門區,,45-54,72.9
2021,L,屯門區,,55-64,88.8
2021,L,屯門區,,25-64,312.9
2021,L,屯門區,,65+,93.4
2021,L,屯門區,,,498.4
2021,L,屯門區,,0-14,10.8
2021,L,屯門區,,15-24,7.6
2021,L,屯門區,,25-34,13.7
2021,L,屯門區,,35-44,16.6
2021,L,屯門區,,45-54,14.6
2021,L,屯門區,,55-64,17.8
2021,L,屯門區,,25-64,62.8
2021,L,屯門區,,65+,18.7
2021,L,屯門區,,,100
2021,M,元朗區,M,0-14,40.1
2021,M,元朗區,M,15-24,29.9
2021,M,元朗區,M,25-34,47.7
2021,M,元朗區,M,35-44,45.4
2021,M,元朗區,M,45-54,41.7
2021,M,元朗區,M,55-64,56.5
2021,M,元朗區,M,25-64,191.3
2021,M,元朗區,M,65+,49
2021,M,元朗區,M,,310.3
2021,M,元朗區,M,0-14,12.9
2021,M,元朗區,M,15-24,9.6
2021,M,元朗區,M,25-34,15.4
2021,M,元朗區,M,35-44,14.6
2021,M,元朗區,M,45-54,13.5
2021,M,元朗區,M,55-64,18.2
2021,M,元朗區,M,25-64,61.6
2021,M,元朗區,M,65+,15.8
2021,M,元朗區,M,,100
2021,M,元朗區,F,0-14,37.1
2021,M,元朗區,F,15-24,28.9
2021,M,元朗區,F,25-34,54.2
2021,M,元朗區,F,35-44,63.6
2021,M,元朗區,F,45-54,60.6
2021,M,元朗區,F,55-64,60.1
2021,M,元朗區,F,25-64,238.5
2021,M,元朗區,F,65+,47.2
2021,M,元朗區,F,,351.7
2021,M,元朗區,F,0-14,10.6
2021,M,元朗區,F,15-24,8.2
2021,M,元朗區,F,25-34,15.4
2021,M,元朗區,F,35-44,18.1
2021,M,元朗區,F,45-54,17.2
2021,M,元朗區,F,55-64,17.1
2021,M,元朗區,F,25-64,67.8
2021,M,元朗區,F,65+,13.4
2021,M,元朗區,F,,100
2021,M,元朗區,,0-14,77.3
2021,M,元朗區,,15-24,58.8
2021,M,元朗區,,25-34,101.9
2021,M,元朗區,,35-44,108.9
2021,M,元朗區,,45-54,102.3
2021,M,元朗區,,55-64,116.6
2021,M,元朗區,,25-64,429.7
2021,M,元朗區,,65+,96.2
2021,M,元朗區,,,662
2021,M,元朗區,,0-14,11.7
2021,M,元朗區,,15-24,8.9
2021,M,元朗區,,25-34,15.4
2021,M,元朗區,,35-44,16.5
2021,M,元朗區,,45-54,15.5
2021,M,元朗區,,55-64,17.6
2021,M,元朗區,,25-64,64.9
2021,M,元朗區,,65+,14.5
2021,M,元朗區,,,100
2021,N,北區,M,0-14,17.2
2021,N,北區,M,15-24,13.8
2021,N,北區,M,25-34,20.5
2021,N,北區,M,35-44,18.4
2021,N,北區,M,45-54,17.9
2021,N,北區,M,55-64,28.5
2021,N,北區,M,25-64,85.3
2021,N,北區,M,65+,27.3
2021,N,北區,M,,143.5
2021,N,北區,M,0-14,12
2021,N,北區,M,15-24,9.6
2021,N,北區,M,25-34,14.3
2021,N,北區,M,35-44,12.8
2021,N,北區,M,45-54,12.5
2021,N,北區,M,55-64,19.9
2021,N,北區,M,25-64,59.4
2021,N,北區,M,65+,19
2021,N,北區,M,,100
2021,N,北區,F,0-14,16.1
2021,N,北區,F,15-24,13.6
2021,N,北區,F,25-34,21.8
2021,N,北區,F,35-44,26.6
2021,N,北區,F,45-54,27
2021,N,北區,F,55-64,30.8
2021,N,北區,F,25-64,106.2
2021,N,北區,F,65+,25.6
2021,N,北區,F,,161.5
2021,N,北區,F,0-14,10
2021,N,北區,F,15-24,8.4
2021,N,北區,F,25-34,13.5
2021,N,北區,F,35-44,16.4
2021,N,北區,F,45-54,16.7
2021,N,北區,F,55-64,19.1
2021,N,北區,F,25-64,65.7
2021,N,北區,F,65+,15.9
2021,N,北區,F,,100
2021,N,北區,,0-14,33.3
2021,N,北區,,15-24,27.4
2021,N,北區,,25-34,42.3
2021,N,北區,,35-44,44.9
2021,N,北區,,45-54,44.9
2021,N,北區,,55-64,59.3
2021,N,北區,,25-64,191.5
2021,N,北區,,65+,52.9
2021,N,北區,,,305.1
2021,N,北區,,0-14,10.9
2021,N,北區,,15-24,9
2021,N,北區,,25-34,13.9
2021,N,北區,,35-44,14.7
2021,N,北區,,45-54,14.7
2021,N,北區,,55-64,19.4
2021,N,北區,,25-64,62.8
2021,N,北區,,65+,17.3
2021,N,北區,,,100
2021,P,大埔區,M,0-14,17.7
2021,P,大埔區,M,15-24,11.4
2021,P,大埔區,M,25-34,20.5
2021,P,大埔區,M,35-44,21.6
2021,P,大埔區,M,45-54,18.7
2021,P,大埔區,M,55-64,27.1
2021,P,大埔區,M,25-64,87.9
2021,P,大埔區,M,65+,27.7
2021,P,大埔區,M,,144.6
2021,P,大埔區,M,0-14,12.2
2021,P,大埔區,M,15-24,7.9
2021,P,大埔區,M,25-34,14.2
2021,P,大埔區,M,35-44,15
2021,P,大埔區,M,45-54,12.9
2021,P,大埔區,M,55-64,18.7
2021,P,大埔區,M,25-64,60.8
2021,P,大埔區,M,65+,19.1
2021,P,大埔區,M,,100
2021,P,大埔區,F,0-14,16.9
2021,P,大埔區,F,15-24,11.6
2021,P,大埔區,F,25-34,24.7
2021,P,大埔區,F,35-44,30.5
2021,P,大埔區,F,45-54,24.6
2021,P,大埔區,F,55-64,32.3
2021,P,大埔區,F,25-64,112.1
2021,P,大埔區,F,65+,27.9
2021,P,大埔區,F,,168.4
2021,P,大埔區,F,0-14,10
2021,P,大埔區,F,15-24,6.9
2021,P,大埔區,F,25-34,14.7
2021,P,大埔區,F,35-44,18.1
2021,P,大埔區,F,45-54,14.6
2021,P,大埔區,F,55-64,19.2
2021,P,大埔區,F,25-64,66.5
2021,P,大埔區,F,65+,16.6
2021,P,大埔區,F,,100
2021,P,大埔區,,0-14,34.5
2021,P,大埔區,,15-24,22.9
2021,P,大埔區,,25-34,45.2
2021,P,大埔區,,35-44,52.1
2021,P,大埔區,,45-54,43.3
2021,P,大埔區,,55-64,59.4
2021,P,大埔區,,25-64,200
2021,P,大埔區,,65+,55.6
2021,P,大埔區,,,313
2021,P,大埔區,,0-14,11
2021,P,大埔區,,15-24,7.3
2021,P,大埔區,,25-34,14.4
2021,P,大埔區,,35-44,16.7
2021,P,大埔區,,45-54,13.8
2021,P,大埔區,,55-64,19
2021,P,大埔區,,25-64,63.9
2021,P,大埔區,,65+,17.8
2021,P,大埔區,,,100
2021,R,沙田區,M,0-14,41.3
2021,R,沙田區,M,15-24,27.3
2021,R,沙田區,M,25-34,39.8
2021,R,沙田區,M,35-44,46.6
2021,R,沙田區,M,45-54,43.6
2021,R,沙田區,M,55-64,53.7
2021,R,沙田區,M,25-64,183.6
2021,R,沙田區,M,65+,64.3
2021,R,沙田區,M,,316.6
2021,R,沙田區,M,0-14,13.1
2021,R,沙田區,M,15-24,8.6
2021,R,沙田區,M,25-34,12.6
2021,R,沙田區,M,35-44,14.7
2021,R,沙田區,M,45-54,13.8
2021,R,沙田區,M,55-64,17
2021,R,沙田區,M,25-64,58
2021,R,沙田區,M,65+,20.3
2021,R,沙田區,M,,100
2021,R,沙田區,F,0-14,37.9
2021,R,沙田區,F,15-24,26.1
2021,R,沙田區,F,25-34,48.2
2021,R,沙田區,F,35-44,66.5
2021,R,沙田區,F,45-54,59.6
2021,R,沙田區,F,55-64,62.2
2021,R,沙田區,F,25-64,236.5
2021,R,沙田區,F,65+,71.3
2021,R,沙田區,F,,371.7
2021,R,沙田區,F,0-14,10.2
2021,R,沙田區,F,15-24,7
2021,R,沙田區,F,25-34,13
2021,R,沙田區,F,35-44,17.9
2021,R,沙田區,F,45-54,16
2021,R,沙田區,F,55-64,16.7
2021,R,沙田區,F,25-64,63.6
2021,R,沙田區,F,65+,19.2
2021,R,沙田區,F,,100
2021,R,沙田區,,0-14,79.2
2021,R,沙田區,,15-24,53.4
2021,R,沙田區,,25-34,88
2021,R,沙田區,,35-44,113.1
2021,R,沙田區,,45-54,103.2
2021,R,沙田區,,55-64,115.8
2021,R,沙田區,,25-64,420.1
2021,R,沙田區,,65+,135.6
2021,R,沙田區,,,688.2
2021,R,沙田區,,0-14,11.5
2021,R,沙田區,,15-24,7.8
2021,R,沙田區,,25-34,12.8
2021,R,沙田區,,35-44,16.4
2021,R,沙田區,,45-54,15
2021,R,沙田區,,55-64,16.8
2021,R,沙田區,,25-64,61
2021,R,沙田區,,65+,19.7
2021,R,沙田區,,,100
2021,Q,西貢區,M,0-14,29
2021,Q,西貢區,M,15-24,20.2
2021,Q,西貢區,M,25-34,30.2
2021,Q,西貢區,M,35-44,31.7
2021,Q,西貢區,M,45-54,34.2
2021,Q,西貢區,M,55-64,39.4
2021,Q,西貢區,M,25-64,135.6
2021,Q,西貢區,M,65+,36.5
2021,Q,西貢區,M,,221.3
2021,Q,西貢區,M,0-14,13.1
2021,Q,西貢區,M,15-24,9.1
2021,Q,西貢區,M,25-34,13.6
2021,Q,西貢區,M,35-44,14.3
2021,Q,西貢區,M,45-54,15.5
2021,Q,西貢區,M,55-64,17.8
2021,Q,西貢區,M,25-64,61.3
2021,Q,西貢區,M,65+,16.5
2021,Q,西貢區,M,,100
2021,Q,西貢區,F,0-14,27.3
2021,Q,西貢區,F,15-24,19.6
2021,Q,西貢區,F,25-34,38.9
2021,Q,西貢區,F,35-44,48.9
2021,Q,西貢區,F,45-54,47.4
2021,Q,西貢區,F,55-64,44
2021,Q,西貢區,F,25-64,179.1
2021,Q,西貢區,F,65+,38.9
2021,Q,西貢區,F,,264.9
2021,Q,西貢區,F,0-14,10.3
2021,Q,西貢區,F,15-24,7.4
2021,Q,西貢區,F,25-34,14.7
2021,Q,西貢區,F,35-44,18.5
2021,Q,西貢區,F,45-54,17.9
2021,Q,西貢區,F,55-64,16.6
2021,Q,西貢區,F,25-64,67.6
2021,Q,西貢區,F,65+,14.7
2021,Q,西貢區,F,,100
2021,Q,西貢區,,0-14,56.3
2021,Q,西貢區,,15-24,39.8
2021,Q,西貢區,,25-34,69.1
2021,Q,西貢區,,35-44,80.6
2021,Q,西貢區,,45-54,81.6
2021,Q,西貢區,,55-64,83.4
2021,Q,西貢區,,25-64,314.7
2021,Q,西貢區,,65+,75.4
2021,Q,西貢區,,,486.2
2021,Q,西貢區,,0-14,11.6
2021,Q,西貢區,,15-24,8.2
2021,Q,西貢區,,25-34,14.2
2021,Q,西貢區,,35-44,16.6
2021,Q,西貢區,,45-54,16.8
2021,Q,西貢區,,55-64,17.2
2021,Q,西貢區,,25-64,64.7
2021,Q,西貢區,,65+,15.5
2021,Q,西貢區,,,100
2021,T,離島區,M,0-14,11.8
2021,T,離島區,M,15-24,8.8
2021,T,離島區,M,25-34,11.7
2021,T,離島區,M,35-44,12
2021,T,離島區,M,45-54,12
2021,T,離島區,M,55-64,13.9
2021,T,離島區,M,25-64,49.5
2021,T,離島區,M,65+,13.5
2021,T,離島區,M,,83.6
2021,T,離島區,M,0-14,14.1
2021,T,離島區,M,15-24,10.5
2021,T,離島區,M,25-34,14
2021,T,離島區,M,35-44,14.3
2021,T,離島區,M,45-54,14.3
2021,T,離島區,M,55-64,16.7
2021,T,離島區,M,25-64,59.2
2021,T,離島區,M,65+,16.2
2021,T,離島區,M,,100
2021,T,離島區,F,0-14,11.9
2021,T,離島區,F,15-24,8.3
2021,T,離島區,F,25-34,15.3
2021,T,離島區,F,35-44,19.3
2021,T,離島區,F,45-54,16.8
2021,T,離島區,F,55-64,15
2021,T,離島區,F,25-64,66.4
2021,T,離島區,F,65+,12.8
2021,T,離島區,F,,99.4
2021,T,離島區,F,0-14,12
2021,T,離島區,F,15-24,8.3
2021,T,離島區,F,25-34,15.4
2021,T,離島區,F,35-44,19.5
2021,T,離島區,F,45-54,16.9
2021,T,離島區,F,55-64,15.1
2021,T,離島區,F,25-64,66.9
2021,T,離島區,F,65+,12.8
2021,T,離島區,F,,100
2021,T,離島區,,0-14,23.7
2021,T,離島區,,15-24,17
2021,T,離島區,,25-34,27
2021,T,離島區,,35-44,31.3
2021,T,離島區,,45-54,28.8
2021,T,離島區,,55-64,28.9
2021,T,離島區,,25-64,116
2021,T,離島區,,65+,26.3
2021,T,離島區,,,183
2021,T,離島區,,0-14,12.9
2021,T,離島區,,15-24,9.3
2021,T,離島區,,25-34,14.7
2021,T,離島區,,35-44,17.1
2021,T,離島區,,45-54,15.7
2021,T,離島區,,55-64,15.8
2021,T,離島區,,25-64,63.4
2021,T,離島區,,65+,14.4
2021,T,離島區,,,100
2021,,#N/A,M,0-14,414.9
2021,,#N/A,M,15-24,297.4
2021,,#N/A,M,25-34,439.2
2021,,#N/A,M,35-44,466.1
2021,,#N/A,M,45-54,483.3
2021,,#N/A,M,55-64,579.9
2021,,#N/A,M,25-64,1968.5
2021,,#N/A,M,65+,658.9
2021,,#N/A,M,,3339.8
2021,,#N/A,M,0-14,12.4
2021,,#N/A,M,15-24,8.9
2021,,#N/A,M,25-34,13.1
2021,,#N/A,M,35-44,14
2021,,#N/A,M,45-54,14.5
2021,,#N/A,M,55-64,17.4
2021,,#N/A,M,25-64,58.9
2021,,#N/A,M,65+,19.7
2021,,#N/A,M,,100
2021,,#N/A,F,0-14,391.1
2021,,#N/A,F,15-24,290.4
2021,,#N/A,F,25-34,541.4
2021,,#N/A,F,35-44,703.5
2021,,#N/A,F,45-54,669
2021,,#N/A,F,55-64,656.7
2021,,#N/A,F,25-64,2570.6
2021,,#N/A,F,65+,732.8
2021,,#N/A,F,,3984.8
2021,,#N/A,F,0-14,9.8
2021,,#N/A,F,15-24,7.3
2021,,#N/A,F,25-34,13.6
2021,,#N/A,F,35-44,17.7
2021,,#N/A,F,45-54,16.8
2021,,#N/A,F,55-64,16.5
2021,,#N/A,F,25-64,64.5
2021,,#N/A,F,65+,18.4
2021,,#N/A,F,,100
2021,,#N/A,,0-14,806
2021,,#N/A,,15-24,587.8
2021,,#N/A,,25-34,980.5
2021,,#N/A,,35-44,1169.6
2021,,#N/A,,45-54,1152.3
2021,,#N/A,,55-64,1236.6
2021,,#N/A,,25-64,4539.1
2021,,#N/A,,65+,1391.7
2021,,#N/A,,,7324.6
2021,,#N/A,,0-14,11
2021,,#N/A,,15-24,8
2021,,#N/A,,25-34,13.4
2021,,#N/A,,35-44,16
2021,,#N/A,,45-54,15.7
2021,,#N/A,,55-64,16.9
2021,,#N/A,,25-64,62
2021,,#N/A,,65+,19
2021,,#N/A,,,100
2022,A,中西區,M,0-14,11.2
2022,A,中西區,M,15-24,7.4
2022,A,中西區,M,25-34,11.2
2022,A,中西區,M,35-44,13.5
2022,A,中西區,M,45-54,13.8
2022,A,中西區,M,55-64,15.2
2022,A,中西區,M,25-64,53.7
2022,A,中西區,M,65+,20.2
2022,A,中西區,M,,92.5
2022,A,中西區,M,0-14,12.2
2022,A,中西區,M,15-24,7.9
2022,A,中西區,M,25-34,12.1
2022,A,中西區,M,35-44,14.6
2022,A,中西區,M,45-54,14.9
2022,A,中西區,M,55-64,16.4
2022,A,中西區,M,25-64,58
2022,A,中西區,M,65+,21.9
2022,A,中西區,M,,100
2022,A,中西區,F,0-14,11.3
2022,A,中西區,F,15-24,8.4
2022,A,中西區,F,25-34,21
2022,A,中西區,F,35-44,26.3
2022,A,中西區,F,45-54,19.6
2022,A,中西區,F,55-64,17.8
2022,A,中西區,F,25-64,84.6
2022,A,中西區,F,65+,23.9
2022,A,中西區,F,,128.3
2022,A,中西區,F,0-14,8.8
2022,A,中西區,F,15-24,6.5
2022,A,中西區,F,25-34,16.4
2022,A,中西區,F,35-44,20.5
2022,A,中西區,F,45-54,15.3
2022,A,中西區,F,55-64,13.8
2022,A,中西區,F,25-64,66
2022,A,中西區,F,65+,18.7
2022,A,中西區,F,,100
2022,A,中西區,,0-14,22.6
2022,A,中西區,,15-24,15.7
2022,A,中西區,,25-34,32.2
2022,A,中西區,,35-44,39.7
2022,A,中西區,,45-54,33.4
2022,A,中西區,,55-64,32.9
2022,A,中西區,,25-64,138.3
2022,A,中西區,,65+,44.2
2022,A,中西區,,,220.8
2022,A,中西區,,0-14,10.2
2022,A,中西區,,15-24,7.1
2022,A,中西區,,25-34,14.6
2022,A,中西區,,35-44,18
2022,A,中西區,,45-54,15.1
2022,A,中西區,,55-64,14.9
2022,A,中西區,,25-64,62.6
2022,A,中西區,,65+,20
2022,A,中西區,,,100
2022,B,灣仔區,M,0-14,7.8
2022,B,灣仔區,M,15-24,4.6
2022,B,灣仔區,M,25-34,6.9
2022,B,灣仔區,M,35-44,9.1
2022,B,灣仔區,M,45-54,9.9
2022,B,灣仔區,M,55-64,9.8
2022,B,灣仔區,M,25-64,35.6
2022,B,灣仔區,M,65+,15.4
2022,B,灣仔區,M,,63.4
2022,B,灣仔區,M,0-14,12.3
2022,B,灣仔區,M,15-24,7.2
2022,B,灣仔區,M,25-34,10.8
2022,B,灣仔區,M,35-44,14.3
2022,B,灣仔區,M,45-54,15.6
2022,B,灣仔區,M,55-64,15.4
2022,B,灣仔區,M,25-64,56.1
2022,B,灣仔區,M,65+,24.3
2022,B,灣仔區,M,,100
2022,B,灣仔區,F,0-14,7.8
2022,B,灣仔區,F,15-24,4.8
2022,B,灣仔區,F,25-34,14.1
2022,B,灣仔區,F,35-44,19.9
2022,B,灣仔區,F,45-54,14.9
2022,B,灣仔區,F,55-64,12.3
2022,B,灣仔區,F,25-64,61.1
2022,B,灣仔區,F,65+,19.5
2022,B,灣仔區,F,,93.2
2022,B,灣仔區,F,0-14,8.4
2022,B,灣仔區,F,15-24,5.1
2022,B,灣仔區,F,25-34,15.1
2022,B,灣仔區,F,35-44,21.3
2022,B,灣仔區,F,45-54,16
2022,B,灣仔區,F,55-64,13.2
2022,B,灣仔區,F,25-64,65.6
2022,B,灣仔區,F,65+,20.9
2022,B,灣仔區,F,,100
2022,B,灣仔區,,0-14,15.6
2022,B,灣仔區,,15-24,9.4
2022,B,灣仔區,,25-34,20.9
2022,B,灣仔區,,35-44,28.9
2022,B,灣仔區,,45-54,24.8
2022,B,灣仔區,,55-64,22
2022,B,灣仔區,,25-64,96.6
2022,B,灣仔區,,65+,34.9
2022,B,灣仔區,,,156.5
2022,B,灣仔區,,0-14,10
2022,B,灣仔區,,15-24,6
2022,B,灣仔區,,25-34,13.4
2022,B,灣仔區,,35-44,18.5
2022,B,灣仔區,,45-54,15.8
2022,B,灣仔區,,55-64,14.1
2022,B,灣仔區,,25-64,61.7
2022,B,灣仔區,,65+,22.3
2022,B,灣仔區,,,100
2022,C,東區,M,0-14,24.7
2022,C,東區,M,15-24,17.2
2022,C,東區,M,25-34,24.9
2022,C,東區,M,35-44,29.1
2022,C,東區,M,45-54,32.9
2022,C,東區,M,55-64,40.2
2022,C,東區,M,25-64,127
2022,C,東區,M,65+,56.4
2022,C,東區,M,,225.3
2022,C,東區,M,0-14,11
2022,C,東區,M,15-24,7.6
2022,C,東區,M,25-34,11
2022,C,東區,M,35-44,12.9
2022,C,東區,M,45-54,14.6
2022,C,東區,M,55-64,17.9
2022,C,東區,M,25-64,56.4
2022,C,東區,M,65+,25
2022,C,東區,M,,100
2022,C,東區,F,0-14,24.1
2022,C,東區,F,15-24,16.6
2022,C,東區,F,25-34,33.3
2022,C,東區,F,35-44,48.6
2022,C,東區,F,45-54,47.7
2022,C,東區,F,55-64,49.1
2022,C,東區,F,25-64,178.6
2022,C,東區,F,65+,68.9
2022,C,東區,F,,288.3
2022,C,東區,F,0-14,8.4
2022,C,東區,F,15-24,5.8
2022,C,東區,F,25-34,11.6
2022,C,東區,F,35-44,16.9
2022,C,東區,F,45-54,16.5
2022,C,東區,F,55-64,17
2022,C,東區,F,25-64,62
2022,C,東區,F,65+,23.9
2022,C,東區,F,,100
2022,C,東區,,0-14,48.8
2022,C,東區,,15-24,33.8
2022,C,東區,,25-34,58.2
2022,C,東區,,35-44,77.6
2022,C,東區,,45-54,80.5
2022,C,東區,,55-64,89.3
2022,C,東區,,25-64,305.6
2022,C,東區,,65+,125.3
2022,C,東區,,,513.6
2022,C,東區,,0-14,9.5
2022,C,東區,,15-24,6.6
2022,C,東區,,25-34,11.3
2022,C,東區,,35-44,15.1
2022,C,東區,,45-54,15.7
2022,C,東區,,55-64,17.4
2022,C,東區,,25-64,59.5
2022,C,東區,,65+,24.4
2022,C,東區,,,100
2022,D,南區,M,0-14,13.1
2022,D,南區,M,15-24,9
2022,D,南區,M,25-34,11.7
2022,D,南區,M,35-44,13.8
2022,D,南區,M,45-54,16.8
2022,D,南區,M,55-64,19.8
2022,D,南區,M,25-64,62.2
2022,D,南區,M,65+,25.1
2022,D,南區,M,,109.4
2022,D,南區,M,0-14,12
2022,D,南區,M,15-24,8.3
2022,D,南區,M,25-34,10.7
2022,D,南區,M,35-44,12.6
2022,D,南區,M,45-54,15.3
2022,D,南區,M,55-64,18.1
2022,D,南區,M,25-64,56.8
2022,D,南區,M,65+,22.9
2022,D,南區,M,,100
2022,D,南區,F,0-14,12.3
2022,D,南區,F,15-24,8.8
2022,D,南區,F,25-34,16.9
2022,D,南區,F,35-44,25.1
2022,D,南區,F,45-54,24.2
2022,D,南區,F,55-64,23.5
2022,D,南區,F,25-64,89.8
2022,D,南區,F,65+,29.6
2022,D,南區,F,,140.5
2022,D,南區,F,0-14,8.8
2022,D,南區,F,15-24,6.3
2022,D,南區,F,25-34,12
2022,D,南區,F,35-44,17.9
2022,D,南區,F,45-54,17.2
2022,D,南區,F,55-64,16.7
2022,D,南區,F,25-64,63.9
2022,D,南區,F,65+,21.1
2022,D,南區,F,,100
2022,D,南區,,0-14,25.4
2022,D,南區,,15-24,17.9
2022,D,南區,,25-34,28.6
2022,D,南區,,35-44,38.9
2022,D,南區,,45-54,41
2022,D,南區,,55-64,43.3
2022,D,南區,,25-64,151.9
2022,D,南區,,65+,54.7
2022,D,南區,,,249.9
2022,D,南區,,0-14,10.2
2022,D,南區,,15-24,7.1
2022,D,南區,,25-34,11.5
2022,D,南區,,35-44,15.6
2022,D,南區,,45-54,16.4
2022,D,南區,,55-64,17.3
2022,D,南區,,25-64,60.8
2022,D,南區,,65+,21.9
2022,D,南區,,,100
2022,E,油尖旺區,M,0-14,17.3
2022,E,油尖旺區,M,15-24,9.5
2022,E,油尖旺區,M,25-34,16.9
2022,E,油尖旺區,M,35-44,19.9
2022,E,油尖旺區,M,45-54,20.8
2022,E,油尖旺區,M,55-64,20.7
2022,E,油尖旺區,M,25-64,78.2
2022,E,油尖旺區,M,65+,25.6
2022,E,油尖旺區,M,,130.6
2022,E,油尖旺區,M,0-14,13.2
2022,E,油尖旺區,M,15-24,7.3
2022,E,油尖旺區,M,25-34,12.9
2022,E,油尖旺區,M,35-44,15.2
2022,E,油尖旺區,M,45-54,15.9
2022,E,油尖旺區,M,55-64,15.8
2022,E,油尖旺區,M,25-64,59.9
2022,E,油尖旺區,M,65+,19.6
2022,E,油尖旺區,M,,100
2022,E,油尖旺區,F,0-14,16.7
2022,E,油尖旺區,F,15-24,10.6
2022,E,油尖旺區,F,25-34,24.3
2022,E,油尖旺區,F,35-44,32.2
2022,E,油尖旺區,F,45-54,26.7
2022,E,油尖旺區,F,55-64,22.4
2022,E,油尖旺區,F,25-64,105.6
2022,E,油尖旺區,F,65+,28.7
2022,E,油尖旺區,F,,161.5
2022,E,油尖旺區,F,0-14,10.3
2022,E,油尖旺區,F,15-24,6.6
2022,E,油尖旺區,F,25-34,15
2022,E,油尖旺區,F,35-44,19.9
2022,E,油尖旺區,F,45-54,16.5
2022,E,油尖旺區,F,55-64,13.9
2022,E,油尖旺區,F,25-64,65.3
2022,E,油尖旺區,F,65+,17.8
2022,E,油尖旺區,F,,100
2022,E,油尖旺區,,0-14,33.9
2022,E,油尖旺區,,15-24,20.2
2022,E,油尖旺區,,25-34,41.2
2022,E,油尖旺區,,35-44,52.1
2022,E,油尖旺區,,45-54,47.5
2022,E,油尖旺區,,55-64,43.1
2022,E,油尖旺區,,25-64,183.8
2022,E,油尖旺區,,65+,54.3
2022,E,油尖旺區,,,292.2
2022,E,油尖旺區,,0-14,11.6
2022,E,油尖旺區,,15-24,6.9
2022,E,油尖旺區,,25-34,14.1
2022,E,油尖旺區,,35-44,17.8
2022,E,油尖旺區,,45-54,16.3
2022,E,油尖旺區,,55-64,14.7
2022,E,油尖旺區,,25-64,62.9
2022,E,油尖旺區,,65+,18.6
2022,E,油尖旺區,,,100
2022,F,深水埗區,M,0-14,25
2022,F,深水埗區,M,15-24,18
2022,F,深水埗區,M,25-34,24.4
2022,F,深水埗區,M,35-44,26.8
2022,F,深水埗區,M,45-54,28.4
2022,F,深水埗區,M,55-64,31.5
2022,F,深水埗區,M,25-64,111
2022,F,深水埗區,M,65+,41
2022,F,深水埗區,M,,195
2022,F,深水埗區,M,0-14,12.8
2022,F,深水埗區,M,15-24,9.2
2022,F,深水埗區,M,25-34,12.5
2022,F,深水埗區,M,35-44,13.7
2022,F,深水埗區,M,45-54,14.5
2022,F,深水埗區,M,55-64,16.1
2022,F,深水埗區,M,25-64,56.9
2022,F,深水埗區,M,65+,21
2022,F,深水埗區,M,,100
2022,F,深水埗區,F,0-14,23.6
2022,F,深水埗區,F,15-24,17.1
2022,F,深水埗區,F,25-34,28.7
2022,F,深水埗區,F,35-44,38.8
2022,F,深水埗區,F,45-54,39.2
2022,F,深水埗區,F,55-64,35.8
2022,F,深水埗區,F,25-64,142.5
2022,F,深水埗區,F,65+,47
2022,F,深水埗區,F,,230.2
2022,F,深水埗區,F,0-14,10.3
2022,F,深水埗區,F,15-24,7.4
2022,F,深水埗區,F,25-34,12.5
2022,F,深水埗區,F,35-44,16.9
2022,F,深水埗區,F,45-54,17
2022,F,深水埗區,F,55-64,15.6
2022,F,深水埗區,F,25-64,61.9
2022,F,深水埗區,F,65+,20.4
2022,F,深水埗區,F,,100
2022,F,深水埗區,,0-14,48.7
2022,F,深水埗區,,15-24,35.1
2022,F,深水埗區,,25-34,53.1
2022,F,深水埗區,,35-44,65.6
2022,F,深水埗區,,45-54,67.5
2022,F,深水埗區,,55-64,67.3
2022,F,深水埗區,,25-64,253.5
2022,F,深水埗區,,65+,88
2022,F,深水埗區,,,425.3
2022,F,深水埗區,,0-14,11.4
2022,F,深水埗區,,15-24,8.3
2022,F,深水埗區,,25-34,12.5
2022,F,深水埗區,,35-44,15.4
2022,F,深水埗區,,45-54,15.9
2022,F,深水埗區,,55-64,15.8
2022,F,深水埗區,,25-64,59.6
2022,F,深水埗區,,65+,20.7
2022,F,深水埗區,,,100
2022,G,九龍城區,M,0-14,25.1
2022,G,九龍城區,M,15-24,14.7
2022,G,九龍城區,M,25-34,20.7
2022,G,九龍城區,M,35-44,23.3
2022,G,九龍城區,M,45-54,26.7
2022,G,九龍城區,M,55-64,26.6
2022,G,九龍城區,M,25-64,97.4
2022,G,九龍城區,M,65+,36.4
2022,G,九龍城區,M,,173.5
2022,G,九龍城區,M,0-14,14.4
2022,G,九龍城區,M,15-24,8.4
2022,G,九龍城區,M,25-34,11.9
2022,G,九龍城區,M,35-44,13.4
2022,G,九龍城區,M,45-54,15.4
2022,G,九龍城區,M,55-64,15.3
2022,G,九龍城區,M,25-64,56.1
2022,G,九龍城區,M,65+,21
2022,G,九龍城區,M,,100
2022,G,九龍城區,F,0-14,22.9
2022,G,九龍城區,F,15-24,14.8
2022,G,九龍城區,F,25-34,29.6
2022,G,九龍城區,F,35-44,41.7
2022,G,九龍城區,F,45-54,39
2022,G,九龍城區,F,55-64,31.5
2022,G,九龍城區,F,25-64,141.8
2022,G,九龍城區,F,65+,44.3
2022,G,九龍城區,F,,223.8
2022,G,九龍城區,F,0-14,10.2
2022,G,九龍城區,F,15-24,6.6
2022,G,九龍城區,F,25-34,13.2
2022,G,九龍城區,F,35-44,18.6
2022,G,九龍城區,F,45-54,17.4
2022,G,九龍城區,F,55-64,14.1
2022,G,九龍城區,F,25-64,63.4
2022,G,九龍城區,F,65+,19.8
2022,G,九龍城區,F,,100
2022,G,九龍城區,,0-14,47.9
2022,G,九龍城區,,15-24,29.4
2022,G,九龍城區,,25-34,50.3
2022,G,九龍城區,,35-44,65
2022,G,九龍城區,,45-54,65.7
2022,G,九龍城區,,55-64,58.2
2022,G,九龍城區,,25-64,239.2
2022,G,九龍城區,,65+,80.7
2022,G,九龍城區,,,397.3
2022,G,九龍城區,,0-14,12.1
2022,G,九龍城區,,15-24,7.4
2022,G,九龍城區,,25-34,12.7
2022,G,九龍城區,,35-44,16.4
2022,G,九龍城區,,45-54,16.5
2022,G,九龍城區,,55-64,14.6
2022,G,九龍城區,,25-64,60.2
2022,G,九龍城區,,65+,20.3
2022,G,九龍城區,,,100
2022,H,黃大仙區,M,0-14,18.2
2022,H,黃大仙區,M,15-24,16.4
2022,H,黃大仙區,M,25-34,24.6
2022,H,黃大仙區,M,35-44,22.3
2022,H,黃大仙區,M,45-54,25.7
2022,H,黃大仙區,M,55-64,36
2022,H,黃大仙區,M,25-64,108.6
2022,H,黃大仙區,M,65+,42.1
2022,H,黃大仙區,M,,185.3
2022,H,黃大仙區,M,0-14,9.8
2022,H,黃大仙區,M,15-24,8.9
2022,H,黃大仙區,M,25-34,13.3
2022,H,黃大仙區,M,35-44,12
2022,H,黃大仙區,M,45-54,13.9
2022,H,黃大仙區,M,55-64,19.4
2022,H,黃大仙區,M,25-64,58.6
2022,H,黃大仙區,M,65+,22.7
2022,H,黃大仙區,M,,100
2022,H,黃大仙區,F,0-14,16.6
2022,H,黃大仙區,F,15-24,15.5
2022,H,黃大仙區,F,25-34,25.8
2022,H,黃大仙區,F,35-44,30.4
2022,H,黃大仙區,F,45-54,35.3
2022,H,黃大仙區,F,55-64,40.4
2022,H,黃大仙區,F,25-64,131.8
2022,H,黃大仙區,F,65+,51.5
2022,H,黃大仙區,F,,215.4
2022,H,黃大仙區,F,0-14,7.7
2022,H,黃大仙區,F,15-24,7.2
2022,H,黃大仙區,F,25-34,12
2022,H,黃大仙區,F,35-44,14.1
2022,H,黃大仙區,F,45-54,16.4
2022,H,黃大仙區,F,55-64,18.7
2022,H,黃大仙區,F,25-64,61.2
2022,H,黃大仙區,F,65+,23.9
2022,H,黃大仙區,F,,100
2022,H,黃大仙區,,0-14,34.8
2022,H,黃大仙區,,15-24,31.9
2022,H,黃大仙區,,25-34,50.4
2022,H,黃大仙區,,35-44,52.7
2022,H,黃大仙區,,45-54,61
2022,H,黃大仙區,,55-64,76.3
2022,H,黃大仙區,,25-64,240.4
2022,H,黃大仙區,,65+,93.6
2022,H,黃大仙區,,,400.7
2022,H,黃大仙區,,0-14,8.7
2022,H,黃大仙區,,15-24,8
2022,H,黃大仙區,,25-34,12.6
2022,H,黃大仙區,,35-44,13.1
2022,H,黃大仙區,,45-54,15.2
2022,H,黃大仙區,,55-64,19
2022,H,黃大仙區,,25-64,60
2022,H,黃大仙區,,65+,23.4
2022,H,黃大仙區,,,100
2022,J,觀塘區,M,0-14,34.5
2022,J,觀塘區,M,15-24,30
2022,J,觀塘區,M,25-34,39.2
2022,J,觀塘區,M,35-44,38.1
2022,J,觀塘區,M,45-54,45.1
2022,J,觀塘區,M,55-64,52.3
2022,J,觀塘區,M,25-64,174.7
2022,J,觀塘區,M,65+,68.1
2022,J,觀塘區,M,,307.4
2022,J,觀塘區,M,0-14,11.2
2022,J,觀塘區,M,15-24,9.8
2022,J,觀塘區,M,25-34,12.8
2022,J,觀塘區,M,35-44,12.4
2022,J,觀塘區,M,45-54,14.7
2022,J,觀塘區,M,55-64,17
2022,J,觀塘區,M,25-64,56.8
2022,J,觀塘區,M,65+,22.2
2022,J,觀塘區,M,,100
2022,J,觀塘區,F,0-14,32
2022,J,觀塘區,F,15-24,28.1
2022,J,觀塘區,F,25-34,41.1
2022,J,觀塘區,F,35-44,53
2022,J,觀塘區,F,45-54,61.6
2022,J,觀塘區,F,55-64,59.8
2022,J,觀塘區,F,25-64,215.5
2022,J,觀塘區,F,65+,80.7
2022,J,觀塘區,F,,356.2
2022,J,觀塘區,F,0-14,9
2022,J,觀塘區,F,15-24,7.9
2022,J,觀塘區,F,25-34,11.5
2022,J,觀塘區,F,35-44,14.9
2022,J,觀塘區,F,45-54,17.3
2022,J,觀塘區,F,55-64,16.8
2022,J,觀塘區,F,25-64,60.5
2022,J,觀塘區,F,65+,22.6
2022,J,觀塘區,F,,100
2022,J,觀塘區,,0-14,66.5
2022,J,觀塘區,,15-24,58.2
2022,J,觀塘區,,25-34,80.3
2022,J,觀塘區,,35-44,91.1
2022,J,觀塘區,,45-54,106.6
2022,J,觀塘區,,55-64,112.2
2022,J,觀塘區,,25-64,390.2
2022,J,觀塘區,,65+,148.8
2022,J,觀塘區,,,663.6
2022,J,觀塘區,,0-14,10
2022,J,觀塘區,,15-24,8.8
2022,J,觀塘區,,25-34,12.1
2022,J,觀塘區,,35-44,13.7
2022,J,觀塘區,,45-54,16.1
2022,J,觀塘區,,55-64,16.9
2022,J,觀塘區,,25-64,58.8
2022,J,觀塘區,,65+,22.4
2022,J,觀塘區,,,100
2022,S,葵青區,M,0-14,24.1
2022,S,葵青區,M,15-24,21.1
2022,S,葵青區,M,25-34,29.5
2022,S,葵青區,M,35-44,29.1
2022,S,葵青區,M,45-54,33.7
2022,S,葵青區,M,55-64,37.2
2022,S,葵青區,M,25-64,129.5
2022,S,葵青區,M,65+,50.7
2022,S,葵青區,M,,225.4
2022,S,葵青區,M,0-14,10.7
2022,S,葵青區,M,15-24,9.4
2022,S,葵青區,M,25-34,13.1
2022,S,葵青區,M,35-44,12.9
2022,S,葵青區,M,45-54,14.9
2022,S,葵青區,M,55-64,16.5
2022,S,葵青區,M,25-64,57.5
2022,S,葵青區,M,65+,22.5
2022,S,葵青區,M,,100
2022,S,葵青區,F,0-14,22.5
2022,S,葵青區,F,15-24,19.6
2022,S,葵青區,F,25-34,30.9
2022,S,葵青區,F,35-44,38.6
2022,S,葵青區,F,45-54,43.9
2022,S,葵青區,F,55-64,43.5
2022,S,葵青區,F,25-64,156.9
2022,S,葵青區,F,65+,58
2022,S,葵青區,F,,257
2022,S,葵青區,F,0-14,8.7
2022,S,葵青區,F,15-24,7.6
2022,S,葵青區,F,25-34,12
2022,S,葵青區,F,35-44,15
2022,S,葵青區,F,45-54,17.1
2022,S,葵青區,F,55-64,16.9
2022,S,葵青區,F,25-64,61.1
2022,S,葵青區,F,65+,22.6
2022,S,葵青區,F,,100
2022,S,葵青區,,0-14,46.6
2022,S,葵青區,,15-24,40.7
2022,S,葵青區,,25-34,60.4
2022,S,葵青區,,35-44,67.8
2022,S,葵青區,,45-54,77.5
2022,S,葵青區,,55-64,80.8
2022,S,葵青區,,25-64,286.4
2022,S,葵青區,,65+,108.7
2022,S,葵青區,,,482.4
2022,S,葵青區,,0-14,9.7
2022,S,葵青區,,15-24,8.4
2022,S,葵青區,,25-34,12.5
2022,S,葵青區,,35-44,14
2022,S,葵青區,,45-54,16.1
2022,S,葵青區,,55-64,16.7
2022,S,葵青區,,25-64,59.4
2022,S,葵青區,,65+,22.5
2022,S,葵青區,,,100
2022,K,荃灣區,M,0-14,18.3
2022,K,荃灣區,M,15-24,11.5
2022,K,荃灣區,M,25-34,17.1
2022,K,荃灣區,M,35-44,20.2
2022,K,荃灣區,M,45-54,23
2022,K,荃灣區,M,55-64,23.9
2022,K,荃灣區,M,25-64,84.2
2022,K,荃灣區,M,65+,27.3
2022,K,荃灣區,M,,141.3
2022,K,荃灣區,M,0-14,12.9
2022,K,荃灣區,M,15-24,8.2
2022,K,荃灣區,M,25-34,12.1
2022,K,荃灣區,M,35-44,14.3
2022,K,荃灣區,M,45-54,16.2
2022,K,荃灣區,M,55-64,16.9
2022,K,荃灣區,M,25-64,59.6
2022,K,荃灣區,M,65+,19.3
2022,K,荃灣區,M,,100
2022,K,荃灣區,F,0-14,17
2022,K,荃灣區,F,15-24,11
2022,K,荃灣區,F,25-34,20.1
2022,K,荃灣區,F,35-44,30
2022,K,荃灣區,F,45-54,29.9
2022,K,荃灣區,F,55-64,27.7
2022,K,荃灣區,F,25-64,107.6
2022,K,荃灣區,F,65+,30.8
2022,K,荃灣區,F,,166.4
2022,K,荃灣區,F,0-14,10.2
2022,K,荃灣區,F,15-24,6.6
2022,K,荃灣區,F,25-34,12.1
2022,K,荃灣區,F,35-44,18
2022,K,荃灣區,F,45-54,17.9
2022,K,荃灣區,F,55-64,16.6
2022,K,荃灣區,F,25-64,64.7
2022,K,荃灣區,F,65+,18.5
2022,K,荃灣區,F,,100
2022,K,荃灣區,,0-14,35.3
2022,K,荃灣區,,15-24,22.5
2022,K,荃灣區,,25-34,37.2
2022,K,荃灣區,,35-44,50.2
2022,K,荃灣區,,45-54,52.8
2022,K,荃灣區,,55-64,51.6
2022,K,荃灣區,,25-64,191.9
2022,K,荃灣區,,65+,58.1
2022,K,荃灣區,,,307.8
2022,K,荃灣區,,0-14,11.5
2022,K,荃灣區,,15-24,7.3
2022,K,荃灣區,,25-34,12.1
2022,K,荃灣區,,35-44,16.3
2022,K,荃灣區,,45-54,17.2
2022,K,荃灣區,,55-64,16.8
2022,K,荃灣區,,25-64,62.3
2022,K,荃灣區,,65+,18.9
2022,K,荃灣區,,,100
2022,L,屯門區,M,0-14,26.9
2022,L,屯門區,M,15-24,19.5
2022,L,屯門區,M,25-34,32.9
2022,L,屯門區,M,35-44,36.3
2022,L,屯門區,M,45-54,31.3
2022,L,屯門區,M,55-64,40.4
2022,L,屯門區,M,25-64,140.9
2022,L,屯門區,M,65+,49.6
2022,L,屯門區,M,,236.9
2022,L,屯門區,M,0-14,11.4
2022,L,屯門區,M,15-24,8.2
2022,L,屯門區,M,25-34,13.9
2022,L,屯門區,M,35-44,15.3
2022,L,屯門區,M,45-54,13.2
2022,L,屯門區,M,55-64,17.1
2022,L,屯門區,M,25-64,59.5
2022,L,屯門區,M,65+,20.9
2022,L,屯門區,M,,100
2022,L,屯門區,F,0-14,25.6
2022,L,屯門區,F,15-24,17.9
2022,L,屯門區,F,25-34,34.2
2022,L,屯門區,F,35-44,46
2022,L,屯門區,F,45-54,42.9
2022,L,屯門區,F,55-64,46.7
2022,L,屯門區,F,25-64,169.7
2022,L,屯門區,F,65+,50.4
2022,L,屯門區,F,,263.6
2022,L,屯門區,F,0-14,9.7
2022,L,屯門區,F,15-24,6.8
2022,L,屯門區,F,25-34,13
2022,L,屯門區,F,35-44,17.4
2022,L,屯門區,F,45-54,16.3
2022,L,屯門區,F,55-64,17.7
2022,L,屯門區,F,25-64,64.4
2022,L,屯門區,F,65+,19.1
2022,L,屯門區,F,,100
2022,L,屯門區,,0-14,52.6
2022,L,屯門區,,15-24,37.3
2022,L,屯門區,,25-34,67.1
2022,L,屯門區,,35-44,82.3
2022,L,屯門區,,45-54,74.1
2022,L,屯門區,,55-64,87.1
2022,L,屯門區,,25-64,310.6
2022,L,屯門區,,65+,100
2022,L,屯門區,,,500.5
2022,L,屯門區,,0-14,10.5
2022,L,屯門區,,15-24,7.5
2022,L,屯門區,,25-34,13.4
2022,L,屯門區,,35-44,16.5
2022,L,屯門區,,45-54,14.8
2022,L,屯門區,,55-64,17.4
2022,L,屯門區,,25-64,62.1
2022,L,屯門區,,65+,20
2022,L,屯門區,,,100
2022,M,元朗區,M,0-14,38.1
2022,M,元朗區,M,15-24,28.2
2022,M,元朗區,M,25-34,46.4
2022,M,元朗區,M,35-44,45.7
2022,M,元朗區,M,45-54,40.8
2022,M,元朗區,M,55-64,55.3
2022,M,元朗區,M,25-64,188.1
2022,M,元朗區,M,65+,52.7
2022,M,元朗區,M,,307
2022,M,元朗區,M,0-14,12.4
2022,M,元朗區,M,15-24,9.2
2022,M,元朗區,M,25-34,15.1
2022,M,元朗區,M,35-44,14.9
2022,M,元朗區,M,45-54,13.3
2022,M,元朗區,M,55-64,18
2022,M,元朗區,M,25-64,61.3
2022,M,元朗區,M,65+,17.2
2022,M,元朗區,M,,100
2022,M,元朗區,F,0-14,34.6
2022,M,元朗區,F,15-24,27.5
2022,M,元朗區,F,25-34,50.2
2022,M,元朗區,F,35-44,60.8
2022,M,元朗區,F,45-54,60.5
2022,M,元朗區,F,55-64,60.9
2022,M,元朗區,F,25-64,232.3
2022,M,元朗區,F,65+,51
2022,M,元朗區,F,,345.4
2022,M,元朗區,F,0-14,10
2022,M,元朗區,F,15-24,8
2022,M,元朗區,F,25-34,14.5
2022,M,元朗區,F,35-44,17.6
2022,M,元朗區,F,45-54,17.5
2022,M,元朗區,F,55-64,17.6
2022,M,元朗區,F,25-64,67.3
2022,M,元朗區,F,65+,14.8
2022,M,元朗區,F,,100
2022,M,元朗區,,0-14,72.7
2022,M,元朗區,,15-24,55.7
2022,M,元朗區,,25-34,96.5
2022,M,元朗區,,35-44,106.4
2022,M,元朗區,,45-54,101.3
2022,M,元朗區,,55-64,116.1
2022,M,元朗區,,25-64,420.4
2022,M,元朗區,,65+,103.7
2022,M,元朗區,,,652.5
2022,M,元朗區,,0-14,11.1
2022,M,元朗區,,15-24,8.5
2022,M,元朗區,,25-34,14.8
2022,M,元朗區,,35-44,16.3
2022,M,元朗區,,45-54,15.5
2022,M,元朗區,,55-64,17.8
2022,M,元朗區,,25-64,64.4
2022,M,元朗區,,65+,15.9
2022,M,元朗區,,,100
2022,N,北區,M,0-14,19
2022,N,北區,M,15-24,14.6
2022,N,北區,M,25-34,23.2
2022,N,北區,M,35-44,20.8
2022,N,北區,M,45-54,18.5
2022,N,北區,M,55-64,28.7
2022,N,北區,M,25-64,91.1
2022,N,北區,M,65+,30.8
2022,N,北區,M,,155.5
2022,N,北區,M,0-14,12.2
2022,N,北區,M,15-24,9.4
2022,N,北區,M,25-34,14.9
2022,N,北區,M,35-44,13.4
2022,N,北區,M,45-54,11.9
2022,N,北區,M,55-64,18.4
2022,N,北區,M,25-64,58.6
2022,N,北區,M,65+,19.8
2022,N,北區,M,,100
2022,N,北區,F,0-14,17.9
2022,N,北區,F,15-24,14.6
2022,N,北區,F,25-34,23.5
2022,N,北區,F,35-44,28.7
2022,N,北區,F,45-54,29.4
2022,N,北區,F,55-64,31.5
2022,N,北區,F,25-64,113.1
2022,N,北區,F,65+,30
2022,N,北區,F,,175.7
2022,N,北區,F,0-14,10.2
2022,N,北區,F,15-24,8.3
2022,N,北區,F,25-34,13.4
2022,N,北區,F,35-44,16.3
2022,N,北區,F,45-54,16.7
2022,N,北區,F,55-64,17.9
2022,N,北區,F,25-64,64.4
2022,N,北區,F,65+,17.1
2022,N,北區,F,,100
2022,N,北區,,0-14,36.9
2022,N,北區,,15-24,29.3
2022,N,北區,,25-34,46.7
2022,N,北區,,35-44,49.5
2022,N,北區,,45-54,47.9
2022,N,北區,,55-64,60.2
2022,N,北區,,25-64,204.2
2022,N,北區,,65+,60.8
2022,N,北區,,,331.2
2022,N,北區,,0-14,11.1
2022,N,北區,,15-24,8.8
2022,N,北區,,25-34,14.1
2022,N,北區,,35-44,14.9
2022,N,北區,,45-54,14.5
2022,N,北區,,55-64,18.2
2022,N,北區,,25-64,61.7
2022,N,北區,,65+,18.4
2022,N,北區,,,100
2022,P,大埔區,M,0-14,17.1
2022,P,大埔區,M,15-24,11.1
2022,P,大埔區,M,25-34,19.9
2022,P,大埔區,M,35-44,21.7
2022,P,大埔區,M,45-54,18.1
2022,P,大埔區,M,55-64,26.4
2022,P,大埔區,M,25-64,86.1
2022,P,大埔區,M,65+,29.9
2022,P,大埔區,M,,144.3
2022,P,大埔區,M,0-14,11.8
2022,P,大埔區,M,15-24,7.7
2022,P,大埔區,M,25-34,13.8
2022,P,大埔區,M,35-44,15.1
2022,P,大埔區,M,45-54,12.6
2022,P,大埔區,M,55-64,18.3
2022,P,大埔區,M,25-64,59.7
2022,P,大埔區,M,65+,20.7
2022,P,大埔區,M,,100
2022,P,大埔區,F,0-14,15.9
2022,P,大埔區,F,15-24,10.9
2022,P,大埔區,F,25-34,23.1
2022,P,大埔區,F,35-44,30
2022,P,大埔區,F,45-54,25
2022,P,大埔區,F,55-64,31.5
2022,P,大埔區,F,25-64,109.6
2022,P,大埔區,F,65+,30.7
2022,P,大埔區,F,,167.1
2022,P,大埔區,F,0-14,9.5
2022,P,大埔區,F,15-24,6.5
2022,P,大埔區,F,25-34,13.8
2022,P,大埔區,F,35-44,17.9
2022,P,大埔區,F,45-54,15
2022,P,大埔區,F,55-64,18.9
2022,P,大埔區,F,25-64,65.6
2022,P,大埔區,F,65+,18.4
2022,P,大埔區,F,,100
2022,P,大埔區,,0-14,33
2022,P,大埔區,,15-24,22
2022,P,大埔區,,25-34,42.9
2022,P,大埔區,,35-44,51.7
2022,P,大埔區,,45-54,43.2
2022,P,大埔區,,55-64,57.9
2022,P,大埔區,,25-64,195.7
2022,P,大埔區,,65+,60.6
2022,P,大埔區,,,311.3
2022,P,大埔區,,0-14,10.6
2022,P,大埔區,,15-24,7.1
2022,P,大埔區,,25-34,13.8
2022,P,大埔區,,35-44,16.6
2022,P,大埔區,,45-54,13.9
2022,P,大埔區,,55-64,18.6
2022,P,大埔區,,25-64,62.9
2022,P,大埔區,,65+,19.5
2022,P,大埔區,,,100
2022,R,沙田區,M,0-14,38.5
2022,R,沙田區,M,15-24,26.9
2022,R,沙田區,M,25-34,38.5
2022,R,沙田區,M,35-44,45.3
2022,R,沙田區,M,45-54,43.8
2022,R,沙田區,M,55-64,52.1
2022,R,沙田區,M,25-64,179.7
2022,R,沙田區,M,65+,67.9
2022,R,沙田區,M,,313.1
2022,R,沙田區,M,0-14,12.3
2022,R,沙田區,M,15-24,8.6
2022,R,沙田區,M,25-34,12.3
2022,R,沙田區,M,35-44,14.5
2022,R,沙田區,M,45-54,14
2022,R,沙田區,M,55-64,16.7
2022,R,沙田區,M,25-64,57.4
2022,R,沙田區,M,65+,21.7
2022,R,沙田區,M,,100
2022,R,沙田區,F,0-14,36
2022,R,沙田區,F,15-24,26.5
2022,R,沙田區,F,25-34,44.9
2022,R,沙田區,F,35-44,65.4
2022,R,沙田區,F,45-54,60.1
2022,R,沙田區,F,55-64,62.4
2022,R,沙田區,F,25-64,232.8
2022,R,沙田區,F,65+,76
2022,R,沙田區,F,,371.2
2022,R,沙田區,F,0-14,9.7
2022,R,沙田區,F,15-24,7.1
2022,R,沙田區,F,25-34,12.1
2022,R,沙田區,F,35-44,17.6
2022,R,沙田區,F,45-54,16.2
2022,R,沙田區,F,55-64,16.8
2022,R,沙田區,F,25-64,62.7
2022,R,沙田區,F,65+,20.5
2022,R,沙田區,F,,100
2022,R,沙田區,,0-14,74.5
2022,R,沙田區,,15-24,53.4
2022,R,沙田區,,25-34,83.4
2022,R,沙田區,,35-44,110.7
2022,R,沙田區,,45-54,103.9
2022,R,沙田區,,55-64,114.5
2022,R,沙田區,,25-64,412.5
2022,R,沙田區,,65+,143.9
2022,R,沙田區,,,684.3
2022,R,沙田區,,0-14,10.9
2022,R,沙田區,,15-24,7.8
2022,R,沙田區,,25-34,12.2
2022,R,沙田區,,35-44,16.2
2022,R,沙田區,,45-54,15.2
2022,R,沙田區,,55-64,16.7
2022,R,沙田區,,25-64,60.3
2022,R,沙田區,,65+,21
2022,R,沙田區,,,100
2022,Q,西貢區,M,0-14,27.8
2022,Q,西貢區,M,15-24,20.4
2022,Q,西貢區,M,25-34,31.1
2022,Q,西貢區,M,35-44,31.6
2022,Q,西貢區,M,45-54,33.8
2022,Q,西貢區,M,55-64,39.4
2022,Q,西貢區,M,25-64,135.9
2022,Q,西貢區,M,65+,39.5
2022,Q,西貢區,M,,223.7
2022,Q,西貢區,M,0-14,12.4
2022,Q,西貢區,M,15-24,9.1
2022,Q,西貢區,M,25-34,13.9
2022,Q,西貢區,M,35-44,14.1
2022,Q,西貢區,M,45-54,15.1
2022,Q,西貢區,M,55-64,17.6
2022,Q,西貢區,M,25-64,60.8
2022,Q,西貢區,M,65+,17.7
2022,Q,西貢區,M,,100
2022,Q,西貢區,F,0-14,26.7
2022,Q,西貢區,F,15-24,19.3
2022,Q,西貢區,F,25-34,38.6
2022,Q,西貢區,F,35-44,48.1
2022,Q,西貢區,F,45-54,47.3
2022,Q,西貢區,F,55-64,44.1
2022,Q,西貢區,F,25-64,178.1
2022,Q,西貢區,F,65+,42
2022,Q,西貢區,F,,266.1
2022,Q,西貢區,F,0-14,10
2022,Q,西貢區,F,15-24,7.3
2022,Q,西貢區,F,25-34,14.5
2022,Q,西貢區,F,35-44,18.1
2022,Q,西貢區,F,45-54,17.8
2022,Q,西貢區,F,55-64,16.6
2022,Q,西貢區,F,25-64,66.9
2022,Q,西貢區,F,65+,15.8
2022,Q,西貢區,F,,100
2022,Q,西貢區,,0-14,54.5
2022,Q,西貢區,,15-24,39.8
2022,Q,西貢區,,25-34,69.7
2022,Q,西貢區,,35-44,79.7
2022,Q,西貢區,,45-54,81.1
2022,Q,西貢區,,55-64,83.6
2022,Q,西貢區,,25-64,314.1
2022,Q,西貢區,,65+,81.5
2022,Q,西貢區,,,489.8
2022,Q,西貢區,,0-14,11.1
2022,Q,西貢區,,15-24,8.1
2022,Q,西貢區,,25-34,14.2
2022,Q,西貢區,,35-44,16.3
2022,Q,西貢區,,45-54,16.6
2022,Q,西貢區,,55-64,17.1
2022,Q,西貢區,,25-64,64.1
2022,Q,西貢區,,65+,16.6
2022,Q,西貢區,,,100
2022,T,離島區,M,0-14,11.4
2022,T,離島區,M,15-24,8.4
2022,T,離島區,M,25-34,11
2022,T,離島區,M,35-44,11.8
2022,T,離島區,M,45-54,12.1
2022,T,離島區,M,55-64,13.7
2022,T,離島區,M,25-64,48.6
2022,T,離島區,M,65+,14.6
2022,T,離島區,M,,83
2022,T,離島區,M,0-14,13.7
2022,T,離島區,M,15-24,10.2
2022,T,離島區,M,25-34,13.3
2022,T,離島區,M,35-44,14.2
2022,T,離島區,M,45-54,14.5
2022,T,離島區,M,55-64,16.6
2022,T,離島區,M,25-64,58.6
2022,T,離島區,M,65+,17.6
2022,T,離島區,M,,100
2022,T,離島區,F,0-14,11.1
2022,T,離島區,F,15-24,8.9
2022,T,離島區,F,25-34,14
2022,T,離島區,F,35-44,18.8
2022,T,離島區,F,45-54,15.6
2022,T,離島區,F,55-64,15.4
2022,T,離島區,F,25-64,63.8
2022,T,離島區,F,65+,13.4
2022,T,離島區,F,,97.2
2022,T,離島區,F,0-14,11.4
2022,T,離島區,F,15-24,9.1
2022,T,離島區,F,25-34,14.4
2022,T,離島區,F,35-44,19.4
2022,T,離島區,F,45-54,16.1
2022,T,離島區,F,55-64,15.8
2022,T,離島區,F,25-64,65.7
2022,T,離島區,F,65+,13.8
2022,T,離島區,F,,100
2022,T,離島區,,0-14,22.4
2022,T,離島區,,15-24,17.3
2022,T,離島區,,25-34,25.1
2022,T,離島區,,35-44,30.6
2022,T,離島區,,45-54,27.7
2022,T,離島區,,55-64,29.1
2022,T,離島區,,25-64,112.4
2022,T,離島區,,65+,28
2022,T,離島區,,,180.1
2022,T,離島區,,0-14,12.5
2022,T,離島區,,15-24,9.6
2022,T,離島區,,25-34,13.9
2022,T,離島區,,35-44,17
2022,T,離島區,,45-54,15.4
2022,T,離島區,,55-64,16.2
2022,T,離島區,,25-64,62.4
2022,T,離島區,,65+,15.6
2022,T,離島區,,,100
2022,,#N/A,M,0-14,398.2
2022,,#N/A,M,15-24,288.6
2022,,#N/A,M,25-34,430
2022,,#N/A,M,35-44,458.4
2022,,#N/A,M,45-54,474.9
2022,,#N/A,M,55-64,569.3
2022,,#N/A,M,25-64,1932.6
2022,,#N/A,M,65+,693.3
2022,,#N/A,M,,3312.7
2022,,#N/A,M,0-14,12
2022,,#N/A,M,15-24,8.7
2022,,#N/A,M,25-34,13
2022,,#N/A,M,35-44,13.8
2022,,#N/A,M,45-54,14.3
2022,,#N/A,M,55-64,17.2
2022,,#N/A,M,25-64,58.3
2022,,#N/A,M,65+,20.9
2022,,#N/A,M,,100
2022,,#N/A,F,0-14,374.5
2022,,#N/A,F,15-24,280.8
2022,,#N/A,F,25-34,514.2
2022,,#N/A,F,35-44,682.2
2022,,#N/A,F,45-54,662.6
2022,,#N/A,F,55-64,656.1
2022,,#N/A,F,25-64,2515.1
2022,,#N/A,F,65+,776.6
2022,,#N/A,F,,3947
2022,,#N/A,F,0-14,9.5
2022,,#N/A,F,15-24,7.1
2022,,#N/A,F,25-34,13
2022,,#N/A,F,35-44,17.3
2022,,#N/A,F,45-54,16.8
2022,,#N/A,F,55-64,16.6
2022,,#N/A,F,25-64,63.7
2022,,#N/A,F,65+,19.7
2022,,#N/A,F,,100
2022,,#N/A,,0-14,772.7
2022,,#N/A,,15-24,569.4
2022,,#N/A,,25-34,944.1
2022,,#N/A,,35-44,1140.6
2022,,#N/A,,45-54,1137.5
2022,,#N/A,,55-64,1225.4
2022,,#N/A,,25-64,4447.7
2022,,#N/A,,65+,1469.9
2022,,#N/A,,,7259.7
2022,,#N/A,,0-14,10.6
2022,,#N/A,,15-24,7.8
2022,,#N/A,,25-34,13
2022,,#N/A,,35-44,15.7
2022,,#N/A,,45-54,15.7
2022,,#N/A,,55-64,16.9
2022,,#N/A,,25-64,61.3
2022,,#N/A,,65+,20.2
2022,,#N/A,,,100
2023,A,中西區,M,0-14,12.2
2023,A,中西區,M,15-24,9.1
2023,A,中西區,M,25-34,11.1
2023,A,中西區,M,35-44,14
2023,A,中西區,M,45-54,14.3
2023,A,中西區,M,55-64,15.5
2023,A,中西區,M,25-64,55
2023,A,中西區,M,65+,21.4
2023,A,中西區,M,,97.7
2023,A,中西區,M,0-14,12.5
2023,A,中西區,M,15-24,9.3
2023,A,中西區,M,25-34,11.4
2023,A,中西區,M,35-44,14.3
2023,A,中西區,M,45-54,14.7
2023,A,中西區,M,55-64,15.8
2023,A,中西區,M,25-64,56.2
2023,A,中西區,M,65+,21.9
2023,A,中西區,M,,100
2023,A,中西區,F,0-14,11.5
2023,A,中西區,F,15-24,10.5
2023,A,中西區,F,25-34,22.4
2023,A,中西區,F,35-44,26.6
2023,A,中西區,F,45-54,20.3
2023,A,中西區,F,55-64,18.5
2023,A,中西區,F,25-64,87.8
2023,A,中西區,F,65+,25
2023,A,中西區,F,,134.8
2023,A,中西區,F,0-14,8.5
2023,A,中西區,F,15-24,7.8
2023,A,中西區,F,25-34,16.6
2023,A,中西區,F,35-44,19.7
2023,A,中西區,F,45-54,15.1
2023,A,中西區,F,55-64,13.7
2023,A,中西區,F,25-64,65.2
2023,A,中西區,F,65+,18.5
2023,A,中西區,F,,100
2023,A,中西區,,0-14,23.7
2023,A,中西區,,15-24,19.6
2023,A,中西區,,25-34,33.6
2023,A,中西區,,35-44,40.6
2023,A,中西區,,45-54,34.6
2023,A,中西區,,55-64,34
2023,A,中西區,,25-64,142.8
2023,A,中西區,,65+,46.4
2023,A,中西區,,,232.5
2023,A,中西區,,0-14,10.2
2023,A,中西區,,15-24,8.4
2023,A,中西區,,25-34,14.4
2023,A,中西區,,35-44,17.5
2023,A,中西區,,45-54,14.9
2023,A,中西區,,55-64,14.6
2023,A,中西區,,25-64,61.4
2023,A,中西區,,65+,20
2023,A,中西區,,,100
2023,B,灣仔區,M,0-14,8.2
2023,B,灣仔區,M,15-24,5.6
2023,B,灣仔區,M,25-34,6.6
2023,B,灣仔區,M,35-44,9
2023,B,灣仔區,M,45-54,10
2023,B,灣仔區,M,55-64,10
2023,B,灣仔區,M,25-64,35.6
2023,B,灣仔區,M,65+,16.1
2023,B,灣仔區,M,,65.5
2023,B,灣仔區,M,0-14,12.5
2023,B,灣仔區,M,15-24,8.6
2023,B,灣仔區,M,25-34,10
2023,B,灣仔區,M,35-44,13.7
2023,B,灣仔區,M,45-54,15.3
2023,B,灣仔區,M,55-64,15.3
2023,B,灣仔區,M,25-64,54.4
2023,B,灣仔區,M,65+,24.6
2023,B,灣仔區,M,,100
2023,B,灣仔區,F,0-14,7.6
2023,B,灣仔區,F,15-24,6.3
2023,B,灣仔區,F,25-34,14.3
2023,B,灣仔區,F,35-44,20.7
2023,B,灣仔區,F,45-54,15.5
2023,B,灣仔區,F,55-64,12.6
2023,B,灣仔區,F,25-64,63.1
2023,B,灣仔區,F,65+,20.8
2023,B,灣仔區,F,,97.7
2023,B,灣仔區,F,0-14,7.7
2023,B,灣仔區,F,15-24,6.4
2023,B,灣仔區,F,25-34,14.7
2023,B,灣仔區,F,35-44,21.1
2023,B,灣仔區,F,45-54,15.9
2023,B,灣仔區,F,55-64,12.9
2023,B,灣仔區,F,25-64,64.5
2023,B,灣仔區,F,65+,21.3
2023,B,灣仔區,F,,100
2023,B,灣仔區,,0-14,15.7
2023,B,灣仔區,,15-24,11.9
2023,B,灣仔區,,25-34,20.9
2023,B,灣仔區,,35-44,29.7
2023,B,灣仔區,,45-54,25.5
2023,B,灣仔區,,55-64,22.6
2023,B,灣仔區,,25-64,98.7
2023,B,灣仔區,,65+,36.9
2023,B,灣仔區,,,163.2
2023,B,灣仔區,,0-14,9.6
2023,B,灣仔區,,15-24,7.3
2023,B,灣仔區,,25-34,12.8
2023,B,灣仔區,,35-44,18.2
2023,B,灣仔區,,45-54,15.6
2023,B,灣仔區,,55-64,13.8
2023,B,灣仔區,,25-64,60.5
2023,B,灣仔區,,65+,22.6
2023,B,灣仔區,,,100
2023,C,東區,M,0-14,24.3
2023,C,東區,M,15-24,18.3
2023,C,東區,M,25-34,24.4
2023,C,東區,M,35-44,28.5
2023,C,東區,M,45-54,31.8
2023,C,東區,M,55-64,39.3
2023,C,東區,M,25-64,124
2023,C,東區,M,65+,59.7
2023,C,東區,M,,226.4
2023,C,東區,M,0-14,10.7
2023,C,東區,M,15-24,8.1
2023,C,東區,M,25-34,10.8
2023,C,東區,M,35-44,12.6
2023,C,東區,M,45-54,14
2023,C,東區,M,55-64,17.4
2023,C,東區,M,25-64,54.8
2023,C,東區,M,65+,26.4
2023,C,東區,M,,100
2023,C,東區,F,0-14,24.6
2023,C,東區,F,15-24,17.9
2023,C,東區,F,25-34,32
2023,C,東區,F,35-44,48.1
2023,C,東區,F,45-54,47.9
2023,C,東區,F,55-64,50
2023,C,東區,F,25-64,178.1
2023,C,東區,F,65+,73.3
2023,C,東區,F,,293.9
2023,C,東區,F,0-14,8.4
2023,C,東區,F,15-24,6.1
2023,C,東區,F,25-34,10.9
2023,C,東區,F,35-44,16.4
2023,C,東區,F,45-54,16.3
2023,C,東區,F,55-64,17
2023,C,東區,F,25-64,60.6
2023,C,東區,F,65+,24.9
2023,C,東區,F,,100
2023,C,東區,,0-14,49
2023,C,東區,,15-24,36.2
2023,C,東區,,25-34,56.4
2023,C,東區,,35-44,76.6
2023,C,東區,,45-54,79.6
2023,C,東區,,55-64,89.4
2023,C,東區,,25-64,302.1
2023,C,東區,,65+,132.9
2023,C,東區,,,520.2
2023,C,東區,,0-14,9.4
2023,C,東區,,15-24,7
2023,C,東區,,25-34,10.9
2023,C,東區,,35-44,14.7
2023,C,東區,,45-54,15.3
2023,C,東區,,55-64,17.2
2023,C,東區,,25-64,58.1
2023,C,東區,,65+,25.6
2023,C,東區,,,100
2023,D,南區,M,0-14,13.8
2023,D,南區,M,15-24,9.8
2023,D,南區,M,25-34,12
2023,D,南區,M,35-44,14.2
2023,D,南區,M,45-54,16.4
2023,D,南區,M,55-64,19.9
2023,D,南區,M,25-64,62.6
2023,D,南區,M,65+,26.1
2023,D,南區,M,,112.1
2023,D,南區,M,0-14,12.3
2023,D,南區,M,15-24,8.7
2023,D,南區,M,25-34,10.7
2023,D,南區,M,35-44,12.7
2023,D,南區,M,45-54,14.6
2023,D,南區,M,55-64,17.7
2023,D,南區,M,25-64,55.8
2023,D,南區,M,65+,23.2
2023,D,南區,M,,100
2023,D,南區,F,0-14,12.4
2023,D,南區,F,15-24,9.7
2023,D,南區,F,25-34,17
2023,D,南區,F,35-44,25.3
2023,D,南區,F,45-54,24.7
2023,D,南區,F,55-64,23.3
2023,D,南區,F,25-64,90.3
2023,D,南區,F,65+,31.4
2023,D,南區,F,,143.8
2023,D,南區,F,0-14,8.6
2023,D,南區,F,15-24,6.8
2023,D,南區,F,25-34,11.8
2023,D,南區,F,35-44,17.6
2023,D,南區,F,45-54,17.2
2023,D,南區,F,55-64,16.2
2023,D,南區,F,25-64,62.8
2023,D,南區,F,65+,21.8
2023,D,南區,F,,100
2023,D,南區,,0-14,26.2
2023,D,南區,,15-24,19.5
2023,D,南區,,25-34,29.1
2023,D,南區,,35-44,39.5
2023,D,南區,,45-54,41.1
2023,D,南區,,55-64,43.1
2023,D,南區,,25-64,152.8
2023,D,南區,,65+,57.4
2023,D,南區,,,255.9
2023,D,南區,,0-14,10.2
2023,D,南區,,15-24,7.6
2023,D,南區,,25-34,11.4
2023,D,南區,,35-44,15.4
2023,D,南區,,45-54,16.1
2023,D,南區,,55-64,16.8
2023,D,南區,,25-64,59.7
2023,D,南區,,65+,22.4
2023,D,南區,,,100
2023,E,油尖旺區,M,0-14,17.9
2023,E,油尖旺區,M,15-24,11.7
2023,E,油尖旺區,M,25-34,16.7
2023,E,油尖旺區,M,35-44,20.2
2023,E,油尖旺區,M,45-54,21.3
2023,E,油尖旺區,M,55-64,20.9
2023,E,油尖旺區,M,25-64,79.2
2023,E,油尖旺區,M,65+,27.3
2023,E,油尖旺區,M,,136.1
2023,E,油尖旺區,M,0-14,13.1
2023,E,油尖旺區,M,15-24,8.6
2023,E,油尖旺區,M,25-34,12.3
2023,E,油尖旺區,M,35-44,14.9
2023,E,油尖旺區,M,45-54,15.7
2023,E,油尖旺區,M,55-64,15.4
2023,E,油尖旺區,M,25-64,58.2
2023,E,油尖旺區,M,65+,20.1
2023,E,油尖旺區,M,,100
2023,E,油尖旺區,F,0-14,16
2023,E,油尖旺區,F,15-24,12.7
2023,E,油尖旺區,F,25-34,25
2023,E,油尖旺區,F,35-44,31.8
2023,E,油尖旺區,F,45-54,28.2
2023,E,油尖旺區,F,55-64,23
2023,E,油尖旺區,F,25-64,107.9
2023,E,油尖旺區,F,65+,31.5
2023,E,油尖旺區,F,,168.1
2023,E,油尖旺區,F,0-14,9.5
2023,E,油尖旺區,F,15-24,7.6
2023,E,油尖旺區,F,25-34,14.9
2023,E,油尖旺區,F,35-44,18.9
2023,E,油尖旺區,F,45-54,16.8
2023,E,油尖旺區,F,55-64,13.7
2023,E,油尖旺區,F,25-64,64.2
2023,E,油尖旺區,F,65+,18.7
2023,E,油尖旺區,F,,100
2023,E,油尖旺區,,0-14,33.9
2023,E,油尖旺區,,15-24,24.4
2023,E,油尖旺區,,25-34,41.7
2023,E,油尖旺區,,35-44,52
2023,E,油尖旺區,,45-54,49.5
2023,E,油尖旺區,,55-64,43.9
2023,E,油尖旺區,,25-64,187.1
2023,E,油尖旺區,,65+,58.8
2023,E,油尖旺區,,,304.2
2023,E,油尖旺區,,0-14,11.1
2023,E,油尖旺區,,15-24,8
2023,E,油尖旺區,,25-34,13.7
2023,E,油尖旺區,,35-44,17.1
2023,E,油尖旺區,,45-54,16.3
2023,E,油尖旺區,,55-64,14.4
2023,E,油尖旺區,,25-64,61.5
2023,E,油尖旺區,,65+,19.3
2023,E,油尖旺區,,,100
2023,F,深水埗區,M,0-14,26
2023,F,深水埗區,M,15-24,18.6
2023,F,深水埗區,M,25-34,24.2
2023,F,深水埗區,M,35-44,27.2
2023,F,深水埗區,M,45-54,28.3
2023,F,深水埗區,M,55-64,30.5
2023,F,深水埗區,M,25-64,110
2023,F,深水埗區,M,65+,43.3
2023,F,深水埗區,M,,197.9
2023,F,深水埗區,M,0-14,13.1
2023,F,深水埗區,M,15-24,9.4
2023,F,深水埗區,M,25-34,12.2
2023,F,深水埗區,M,35-44,13.7
2023,F,深水埗區,M,45-54,14.3
2023,F,深水埗區,M,55-64,15.4
2023,F,深水埗區,M,25-64,55.6
2023,F,深水埗區,M,65+,21.9
2023,F,深水埗區,M,,100
2023,F,深水埗區,F,0-14,24.1
2023,F,深水埗區,F,15-24,18.1
2023,F,深水埗區,F,25-34,28.9
2023,F,深水埗區,F,35-44,39.5
2023,F,深水埗區,F,45-54,40.5
2023,F,深水埗區,F,55-64,35.4
2023,F,深水埗區,F,25-64,144.2
2023,F,深水埗區,F,65+,49.9
2023,F,深水埗區,F,,236.2
2023,F,深水埗區,F,0-14,10.2
2023,F,深水埗區,F,15-24,7.6
2023,F,深水埗區,F,25-34,12.2
2023,F,深水埗區,F,35-44,16.7
2023,F,深水埗區,F,45-54,17.1
2023,F,深水埗區,F,55-64,15
2023,F,深水埗區,F,25-64,61.1
2023,F,深水埗區,F,65+,21.1
2023,F,深水埗區,F,,100
2023,F,深水埗區,,0-14,50
2023,F,深水埗區,,15-24,36.6
2023,F,深水埗區,,25-34,53
2023,F,深水埗區,,35-44,66.6
2023,F,深水埗區,,45-54,68.7
2023,F,深水埗區,,55-64,65.9
2023,F,深水埗區,,25-64,254.3
2023,F,深水埗區,,65+,93.2
2023,F,深水埗區,,,434.1
2023,F,深水埗區,,0-14,11.5
2023,F,深水埗區,,15-24,8.4
2023,F,深水埗區,,25-34,12.2
2023,F,深水埗區,,35-44,15.3
2023,F,深水埗區,,45-54,15.8
2023,F,深水埗區,,55-64,15.2
2023,F,深水埗區,,25-64,58.6
2023,F,深水埗區,,65+,21.5
2023,F,深水埗區,,,100
2023,G,九龍城區,M,0-14,24.3
2023,G,九龍城區,M,15-24,16.7
2023,G,九龍城區,M,25-34,20.9
2023,G,九龍城區,M,35-44,24
2023,G,九龍城區,M,45-54,27.2
2023,G,九龍城區,M,55-64,27.3
2023,G,九龍城區,M,25-64,99.4
2023,G,九龍城區,M,65+,38.8
2023,G,九龍城區,M,,179.2
2023,G,九龍城區,M,0-14,13.6
2023,G,九龍城區,M,15-24,9.3
2023,G,九龍城區,M,25-34,11.7
2023,G,九龍城區,M,35-44,13.4
2023,G,九龍城區,M,45-54,15.2
2023,G,九龍城區,M,55-64,15.3
2023,G,九龍城區,M,25-64,55.5
2023,G,九龍城區,M,65+,21.6
2023,G,九龍城區,M,,100
2023,G,九龍城區,F,0-14,21.8
2023,G,九龍城區,F,15-24,17.1
2023,G,九龍城區,F,25-34,29.5
2023,G,九龍城區,F,35-44,43.1
2023,G,九龍城區,F,45-54,39.7
2023,G,九龍城區,F,55-64,33.1
2023,G,九龍城區,F,25-64,145.4
2023,G,九龍城區,F,65+,48.3
2023,G,九龍城區,F,,232.6
2023,G,九龍城區,F,0-14,9.4
2023,G,九龍城區,F,15-24,7.3
2023,G,九龍城區,F,25-34,12.7
2023,G,九龍城區,F,35-44,18.5
2023,G,九龍城區,F,45-54,17.1
2023,G,九龍城區,F,55-64,14.2
2023,G,九龍城區,F,25-64,62.5
2023,G,九龍城區,F,65+,20.8
2023,G,九龍城區,F,,100
2023,G,九龍城區,,0-14,46.2
2023,G,九龍城區,,15-24,33.8
2023,G,九龍城區,,25-34,50.4
2023,G,九龍城區,,35-44,67.1
2023,G,九龍城區,,45-54,66.8
2023,G,九龍城區,,55-64,60.4
2023,G,九龍城區,,25-64,244.8
2023,G,九龍城區,,65+,87.1
2023,G,九龍城區,,,411.8
2023,G,九龍城區,,0-14,11.2
2023,G,九龍城區,,15-24,8.2
2023,G,九龍城區,,25-34,12.2
2023,G,九龍城區,,35-44,16.3
2023,G,九龍城區,,45-54,16.2
2023,G,九龍城區,,55-64,14.7
2023,G,九龍城區,,25-64,59.4
2023,G,九龍城區,,65+,21.1
2023,G,九龍城區,,,100
2023,H,黃大仙區,M,0-14,17.7
2023,H,黃大仙區,M,15-24,16.3
2023,H,黃大仙區,M,25-34,24.3
2023,H,黃大仙區,M,35-44,22.4
2023,H,黃大仙區,M,45-54,24.9
2023,H,黃大仙區,M,55-64,35.3
2023,H,黃大仙區,M,25-64,106.9
2023,H,黃大仙區,M,65+,44.9
2023,H,黃大仙區,M,,185.8
2023,H,黃大仙區,M,0-14,9.6
2023,H,黃大仙區,M,15-24,8.7
2023,H,黃大仙區,M,25-34,13.1
2023,H,黃大仙區,M,35-44,12.1
2023,H,黃大仙區,M,45-54,13.4
2023,H,黃大仙區,M,55-64,19
2023,H,黃大仙區,M,25-64,57.5
2023,H,黃大仙區,M,65+,24.2
2023,H,黃大仙區,M,,100
2023,H,黃大仙區,F,0-14,16.5
2023,H,黃大仙區,F,15-24,15.6
2023,H,黃大仙區,F,25-34,25.2
2023,H,黃大仙區,F,35-44,30.2
2023,H,黃大仙區,F,45-54,35.1
2023,H,黃大仙區,F,55-64,41.4
2023,H,黃大仙區,F,25-64,131.9
2023,H,黃大仙區,F,65+,54
2023,H,黃大仙區,F,,218
2023,H,黃大仙區,F,0-14,7.6
2023,H,黃大仙區,F,15-24,7.1
2023,H,黃大仙區,F,25-34,11.5
2023,H,黃大仙區,F,35-44,13.9
2023,H,黃大仙區,F,45-54,16.1
2023,H,黃大仙區,F,55-64,19
2023,H,黃大仙區,F,25-64,60.5
2023,H,黃大仙區,F,65+,24.8
2023,H,黃大仙區,F,,100
2023,H,黃大仙區,,0-14,34.2
2023,H,黃大仙區,,15-24,31.8
2023,H,黃大仙區,,25-34,49.5
2023,H,黃大仙區,,35-44,52.6
2023,H,黃大仙區,,45-54,60
2023,H,黃大仙區,,55-64,76.7
2023,H,黃大仙區,,25-64,238.8
2023,H,黃大仙區,,65+,98.9
2023,H,黃大仙區,,,403.8
2023,H,黃大仙區,,0-14,8.5
2023,H,黃大仙區,,15-24,7.9
2023,H,黃大仙區,,25-34,12.3
2023,H,黃大仙區,,35-44,13
2023,H,黃大仙區,,45-54,14.9
2023,H,黃大仙區,,55-64,19
2023,H,黃大仙區,,25-64,59.1
2023,H,黃大仙區,,65+,24.5
2023,H,黃大仙區,,,100
2023,J,觀塘區,M,0-14,33.9
2023,J,觀塘區,M,15-24,30.5
2023,J,觀塘區,M,25-34,38.8
2023,J,觀塘區,M,35-44,38.2
2023,J,觀塘區,M,45-54,44.3
2023,J,觀塘區,M,55-64,51.8
2023,J,觀塘區,M,25-64,173.2
2023,J,觀塘區,M,65+,71.7
2023,J,觀塘區,M,,309.2
2023,J,觀塘區,M,0-14,11
2023,J,觀塘區,M,15-24,9.9
2023,J,觀塘區,M,25-34,12.5
2023,J,觀塘區,M,35-44,12.4
2023,J,觀塘區,M,45-54,14.3
2023,J,觀塘區,M,55-64,16.8
2023,J,觀塘區,M,25-64,56
2023,J,觀塘區,M,65+,23.2
2023,J,觀塘區,M,,100
2023,J,觀塘區,F,0-14,30.9
2023,J,觀塘區,F,15-24,28.4
2023,J,觀塘區,F,25-34,40.4
2023,J,觀塘區,F,35-44,52.6
2023,J,觀塘區,F,45-54,60.6
2023,J,觀塘區,F,55-64,59.8
2023,J,觀塘區,F,25-64,213.5
2023,J,觀塘區,F,65+,84.5
2023,J,觀塘區,F,,357.3
2023,J,觀塘區,F,0-14,8.6
2023,J,觀塘區,F,15-24,8
2023,J,觀塘區,F,25-34,11.3
2023,J,觀塘區,F,35-44,14.7
2023,J,觀塘區,F,45-54,17
2023,J,觀塘區,F,55-64,16.7
2023,J,觀塘區,F,25-64,59.8
2023,J,觀塘區,F,65+,23.6
2023,J,觀塘區,F,,100
2023,J,觀塘區,,0-14,64.8
2023,J,觀塘區,,15-24,58.9
2023,J,觀塘區,,25-34,79.2
2023,J,觀塘區,,35-44,90.9
2023,J,觀塘區,,45-54,104.9
2023,J,觀塘區,,55-64,111.6
2023,J,觀塘區,,25-64,386.7
2023,J,觀塘區,,65+,156.1
2023,J,觀塘區,,,666.5
2023,J,觀塘區,,0-14,9.7
2023,J,觀塘區,,15-24,8.8
2023,J,觀塘區,,25-34,11.9
2023,J,觀塘區,,35-44,13.6
2023,J,觀塘區,,45-54,15.7
2023,J,觀塘區,,55-64,16.8
2023,J,觀塘區,,25-64,58
2023,J,觀塘區,,65+,23.4
2023,J,觀塘區,,,100
2023,S,葵青區,M,0-14,24.2
2023,S,葵青區,M,15-24,21.1
2023,S,葵青區,M,25-34,29
2023,S,葵青區,M,35-44,30.3
2023,S,葵青區,M,45-54,33.6
2023,S,葵青區,M,55-64,36.3
2023,S,葵青區,M,25-64,129.1
2023,S,葵青區,M,65+,54.1
2023,S,葵青區,M,,228.5
2023,S,葵青區,M,0-14,10.6
2023,S,葵青區,M,15-24,9.2
2023,S,葵青區,M,25-34,12.7
2023,S,葵青區,M,35-44,13.3
2023,S,葵青區,M,45-54,14.7
2023,S,葵青區,M,55-64,15.9
2023,S,葵青區,M,25-64,56.5
2023,S,葵青區,M,65+,23.7
2023,S,葵青區,M,,100
2023,S,葵青區,F,0-14,22.6
2023,S,葵青區,F,15-24,19.9
2023,S,葵青區,F,25-34,30.2
2023,S,葵青區,F,35-44,38.5
2023,S,葵青區,F,45-54,43.6
2023,S,葵青區,F,55-64,44.4
2023,S,葵青區,F,25-64,156.7
2023,S,葵青區,F,65+,62.7
2023,S,葵青區,F,,261.9
2023,S,葵青區,F,0-14,8.6
2023,S,葵青區,F,15-24,7.6
2023,S,葵青區,F,25-34,11.5
2023,S,葵青區,F,35-44,14.7
2023,S,葵青區,F,45-54,16.6
2023,S,葵青區,F,55-64,17
2023,S,葵青區,F,25-64,59.8
2023,S,葵青區,F,65+,23.9
2023,S,葵青區,F,,100
2023,S,葵青區,,0-14,46.8
2023,S,葵青區,,15-24,41
2023,S,葵青區,,25-34,59.2
2023,S,葵青區,,35-44,68.8
2023,S,葵青區,,45-54,77.1
2023,S,葵青區,,55-64,80.7
2023,S,葵青區,,25-64,285.8
2023,S,葵青區,,65+,116.8
2023,S,葵青區,,,490.4
2023,S,葵青區,,0-14,9.5
2023,S,葵青區,,15-24,8.4
2023,S,葵青區,,25-34,12.1
2023,S,葵青區,,35-44,14
2023,S,葵青區,,45-54,15.7
2023,S,葵青區,,55-64,16.5
2023,S,葵青區,,25-64,58.3
2023,S,葵青區,,65+,23.8
2023,S,葵青區,,,100
2023,K,荃灣區,M,0-14,17.9
2023,K,荃灣區,M,15-24,12.2
2023,K,荃灣區,M,25-34,16.3
2023,K,荃灣區,M,35-44,19.5
2023,K,荃灣區,M,45-54,22.3
2023,K,荃灣區,M,55-64,23.9
2023,K,荃灣區,M,25-64,82.1
2023,K,荃灣區,M,65+,30
2023,K,荃灣區,M,,142.1
2023,K,荃灣區,M,0-14,12.6
2023,K,荃灣區,M,15-24,8.6
2023,K,荃灣區,M,25-34,11.5
2023,K,荃灣區,M,35-44,13.8
2023,K,荃灣區,M,45-54,15.7
2023,K,荃灣區,M,55-64,16.8
2023,K,荃灣區,M,25-64,57.8
2023,K,荃灣區,M,65+,21.1
2023,K,荃灣區,M,,100
2023,K,荃灣區,F,0-14,16.6
2023,K,荃灣區,F,15-24,11.6
2023,K,荃灣區,F,25-34,19.3
2023,K,荃灣區,F,35-44,30.1
2023,K,荃灣區,F,45-54,30.4
2023,K,荃灣區,F,55-64,26.9
2023,K,荃灣區,F,25-64,106.7
2023,K,荃灣區,F,65+,33.7
2023,K,荃灣區,F,,168.5
2023,K,荃灣區,F,0-14,9.8
2023,K,荃灣區,F,15-24,6.9
2023,K,荃灣區,F,25-34,11.5
2023,K,荃灣區,F,35-44,17.8
2023,K,荃灣區,F,45-54,18
2023,K,荃灣區,F,55-64,16
2023,K,荃灣區,F,25-64,63.3
2023,K,荃灣區,F,65+,20
2023,K,荃灣區,F,,100
2023,K,荃灣區,,0-14,34.4
2023,K,荃灣區,,15-24,23.8
2023,K,荃灣區,,25-34,35.6
2023,K,荃灣區,,35-44,49.6
2023,K,荃灣區,,45-54,52.7
2023,K,荃灣區,,55-64,50.9
2023,K,荃灣區,,25-64,188.8
2023,K,荃灣區,,65+,63.7
2023,K,荃灣區,,,310.6
2023,K,荃灣區,,0-14,11.1
2023,K,荃灣區,,15-24,7.7
2023,K,荃灣區,,25-34,11.5
2023,K,荃灣區,,35-44,16
2023,K,荃灣區,,45-54,17
2023,K,荃灣區,,55-64,16.4
2023,K,荃灣區,,25-64,60.8
2023,K,荃灣區,,65+,20.5
2023,K,荃灣區,,,100
2023,L,屯門區,M,0-14,28.4
2023,L,屯門區,M,15-24,21.4
2023,L,屯門區,M,25-34,34.4
2023,L,屯門區,M,35-44,38.4
2023,L,屯門區,M,45-54,33.3
2023,L,屯門區,M,55-64,40.1
2023,L,屯門區,M,25-64,146.3
2023,L,屯門區,M,65+,55.2
2023,L,屯門區,M,,251.3
2023,L,屯門區,M,0-14,11.3
2023,L,屯門區,M,15-24,8.5
2023,L,屯門區,M,25-34,13.7
2023,L,屯門區,M,35-44,15.3
2023,L,屯門區,M,45-54,13.3
2023,L,屯門區,M,55-64,15.9
2023,L,屯門區,M,25-64,58.2
2023,L,屯門區,M,65+,22
2023,L,屯門區,M,,100
2023,L,屯門區,F,0-14,28.2
2023,L,屯門區,F,15-24,19.8
2023,L,屯門區,F,25-34,35.4
2023,L,屯門區,F,35-44,47.3
2023,L,屯門區,F,45-54,45.5
2023,L,屯門區,F,55-64,48.1
2023,L,屯門區,F,25-64,176.3
2023,L,屯門區,F,65+,56.4
2023,L,屯門區,F,,280.7
2023,L,屯門區,F,0-14,10
2023,L,屯門區,F,15-24,7.1
2023,L,屯門區,F,25-34,12.6
2023,L,屯門區,F,35-44,16.9
2023,L,屯門區,F,45-54,16.2
2023,L,屯門區,F,55-64,17.1
2023,L,屯門區,F,25-64,62.8
2023,L,屯門區,F,65+,20.1
2023,L,屯門區,F,,100
2023,L,屯門區,,0-14,56.6
2023,L,屯門區,,15-24,41.2
2023,L,屯門區,,25-34,69.8
2023,L,屯門區,,35-44,85.8
2023,L,屯門區,,45-54,78.8
2023,L,屯門區,,55-64,88.2
2023,L,屯門區,,25-64,322.5
2023,L,屯門區,,65+,111.6
2023,L,屯門區,,,532
2023,L,屯門區,,0-14,10.6
2023,L,屯門區,,15-24,7.7
2023,L,屯門區,,25-34,13.1
2023,L,屯門區,,35-44,16.1
2023,L,屯門區,,45-54,14.8
2023,L,屯門區,,55-64,16.6
2023,L,屯門區,,25-64,60.6
2023,L,屯門區,,65+,21
2023,L,屯門區,,,100
2023,M,元朗區,M,0-14,38.6
2023,M,元朗區,M,15-24,29.2
2023,M,元朗區,M,25-34,46.3
2023,M,元朗區,M,35-44,45.9
2023,M,元朗區,M,45-54,42
2023,M,元朗區,M,55-64,53.8
2023,M,元朗區,M,25-64,188.1
2023,M,元朗區,M,65+,59.3
2023,M,元朗區,M,,315.3
2023,M,元朗區,M,0-14,12.2
2023,M,元朗區,M,15-24,9.3
2023,M,元朗區,M,25-34,14.7
2023,M,元朗區,M,35-44,14.6
2023,M,元朗區,M,45-54,13.3
2023,M,元朗區,M,55-64,17.1
2023,M,元朗區,M,25-64,59.7
2023,M,元朗區,M,65+,18.8
2023,M,元朗區,M,,100
2023,M,元朗區,F,0-14,35.4
2023,M,元朗區,F,15-24,27.2
2023,M,元朗區,F,25-34,48.4
2023,M,元朗區,F,35-44,63.4
2023,M,元朗區,F,45-54,60
2023,M,元朗區,F,55-64,63.6
2023,M,元朗區,F,25-64,235.4
2023,M,元朗區,F,65+,56.8
2023,M,元朗區,F,,354.8
2023,M,元朗區,F,0-14,10
2023,M,元朗區,F,15-24,7.7
2023,M,元朗區,F,25-34,13.6
2023,M,元朗區,F,35-44,17.9
2023,M,元朗區,F,45-54,16.9
2023,M,元朗區,F,55-64,17.9
2023,M,元朗區,F,25-64,66.3
2023,M,元朗區,F,65+,16
2023,M,元朗區,F,,100
2023,M,元朗區,,0-14,74
2023,M,元朗區,,15-24,56.5
2023,M,元朗區,,25-34,94.8
2023,M,元朗區,,35-44,109.3
2023,M,元朗區,,45-54,102
2023,M,元朗區,,55-64,117.4
2023,M,元朗區,,25-64,423.5
2023,M,元朗區,,65+,116.1
2023,M,元朗區,,,670
2023,M,元朗區,,0-14,11
2023,M,元朗區,,15-24,8.4
2023,M,元朗區,,25-34,14.1
2023,M,元朗區,,35-44,16.3
2023,M,元朗區,,45-54,15.2
2023,M,元朗區,,55-64,17.5
2023,M,元朗區,,25-64,63.2
2023,M,元朗區,,65+,17.3
2023,M,元朗區,,,100
2023,N,北區,M,0-14,18.6
2023,N,北區,M,15-24,15.5
2023,N,北區,M,25-34,22.9
2023,N,北區,M,35-44,22.2
2023,N,北區,M,45-54,19.1
2023,N,北區,M,55-64,28
2023,N,北區,M,25-64,92.1
2023,N,北區,M,65+,33.1
2023,N,北區,M,,159.4
2023,N,北區,M,0-14,11.7
2023,N,北區,M,15-24,9.7
2023,N,北區,M,25-34,14.3
2023,N,北區,M,35-44,13.9
2023,N,北區,M,45-54,12
2023,N,北區,M,55-64,17.6
2023,N,北區,M,25-64,57.8
2023,N,北區,M,65+,20.8
2023,N,北區,M,,100
2023,N,北區,F,0-14,17.6
2023,N,北區,F,15-24,14.9
2023,N,北區,F,25-34,23.3
2023,N,北區,F,35-44,29.4
2023,N,北區,F,45-54,28.5
2023,N,北區,F,55-64,32.2
2023,N,北區,F,25-64,113.4
2023,N,北區,F,65+,33.4
2023,N,北區,F,,179.3
2023,N,北區,F,0-14,9.8
2023,N,北區,F,15-24,8.3
2023,N,北區,F,25-34,13
2023,N,北區,F,35-44,16.4
2023,N,北區,F,45-54,15.9
2023,N,北區,F,55-64,18
2023,N,北區,F,25-64,63.3
2023,N,北區,F,65+,18.6
2023,N,北區,F,,100
2023,N,北區,,0-14,36.2
2023,N,北區,,15-24,30.4
2023,N,北區,,25-34,46.2
2023,N,北區,,35-44,51.5
2023,N,北區,,45-54,47.7
2023,N,北區,,55-64,60.2
2023,N,北區,,25-64,205.5
2023,N,北區,,65+,66.5
2023,N,北區,,,338.7
2023,N,北區,,0-14,10.7
2023,N,北區,,15-24,9
2023,N,北區,,25-34,13.6
2023,N,北區,,35-44,15.2
2023,N,北區,,45-54,14.1
2023,N,北區,,55-64,17.8
2023,N,北區,,25-64,60.7
2023,N,北區,,65+,19.6
2023,N,北區,,,100
2023,P,大埔區,M,0-14,17.8
2023,P,大埔區,M,15-24,11.4
2023,P,大埔區,M,25-34,19
2023,P,大埔區,M,35-44,22
2023,P,大埔區,M,45-54,18.3
2023,P,大埔區,M,55-64,24.9
2023,P,大埔區,M,25-64,84.1
2023,P,大埔區,M,65+,32.1
2023,P,大埔區,M,,145.5
2023,P,大埔區,M,0-14,12.2
2023,P,大埔區,M,15-24,7.8
2023,P,大埔區,M,25-34,13
2023,P,大埔區,M,35-44,15.1
2023,P,大埔區,M,45-54,12.5
2023,P,大埔區,M,55-64,17.1
2023,P,大埔區,M,25-64,57.8
2023,P,大埔區,M,65+,22.1
2023,P,大埔區,M,,100
2023,P,大埔區,F,0-14,16.3
2023,P,大埔區,F,15-24,11.4
2023,P,大埔區,F,25-34,21.5
2023,P,大埔區,F,35-44,30.7
2023,P,大埔區,F,45-54,24.3
2023,P,大埔區,F,55-64,31.5
2023,P,大埔區,F,25-64,108
2023,P,大埔區,F,65+,33.6
2023,P,大埔區,F,,169.3
2023,P,大埔區,F,0-14,9.6
2023,P,大埔區,F,15-24,6.8
2023,P,大埔區,F,25-34,12.7
2023,P,大埔區,F,35-44,18.1
2023,P,大埔區,F,45-54,14.3
2023,P,大埔區,F,55-64,18.6
2023,P,大埔區,F,25-64,63.8
2023,P,大埔區,F,65+,19.8
2023,P,大埔區,F,,100
2023,P,大埔區,,0-14,34.1
2023,P,大埔區,,15-24,22.8
2023,P,大埔區,,25-34,40.5
2023,P,大埔區,,35-44,52.7
2023,P,大埔區,,45-54,42.5
2023,P,大埔區,,55-64,56.4
2023,P,大埔區,,25-64,192.2
2023,P,大埔區,,65+,65.7
2023,P,大埔區,,,314.8
2023,P,大埔區,,0-14,10.8
2023,P,大埔區,,15-24,7.3
2023,P,大埔區,,25-34,12.9
2023,P,大埔區,,35-44,16.7
2023,P,大埔區,,45-54,13.5
2023,P,大埔區,,55-64,17.9
2023,P,大埔區,,25-64,61
2023,P,大埔區,,65+,20.9
2023,P,大埔區,,,100
2023,R,沙田區,M,0-14,38.2
2023,R,沙田區,M,15-24,28.4
2023,R,沙田區,M,25-34,38.6
2023,R,沙田區,M,35-44,45.8
2023,R,沙田區,M,45-54,44.6
2023,R,沙田區,M,55-64,51.5
2023,R,沙田區,M,25-64,180.5
2023,R,沙田區,M,65+,73.6
2023,R,沙田區,M,,320.8
2023,R,沙田區,M,0-14,11.9
2023,R,沙田區,M,15-24,8.9
2023,R,沙田區,M,25-34,12
2023,R,沙田區,M,35-44,14.3
2023,R,沙田區,M,45-54,13.9
2023,R,沙田區,M,55-64,16.1
2023,R,沙田區,M,25-64,56.3
2023,R,沙田區,M,65+,22.9
2023,R,沙田區,M,,100
2023,R,沙田區,F,0-14,36.5
2023,R,沙田區,F,15-24,27.6
2023,R,沙田區,F,25-34,44.3
2023,R,沙田區,F,35-44,65.8
2023,R,沙田區,F,45-54,61.9
2023,R,沙田區,F,55-64,60.7
2023,R,沙田區,F,25-64,232.8
2023,R,沙田區,F,65+,82.6
2023,R,沙田區,F,,379.5
2023,R,沙田區,F,0-14,9.6
2023,R,沙田區,F,15-24,7.3
2023,R,沙田區,F,25-34,11.7
2023,R,沙田區,F,35-44,17.3
2023,R,沙田區,F,45-54,16.3
2023,R,沙田區,F,55-64,16
2023,R,沙田區,F,25-64,61.3
2023,R,沙田區,F,65+,21.8
2023,R,沙田區,F,,100
2023,R,沙田區,,0-14,74.7
2023,R,沙田區,,15-24,56
2023,R,沙田區,,25-34,82.9
2023,R,沙田區,,35-44,111.6
2023,R,沙田區,,45-54,106.6
2023,R,沙田區,,55-64,112.3
2023,R,沙田區,,25-64,413.3
2023,R,沙田區,,65+,156.2
2023,R,沙田區,,,700.3
2023,R,沙田區,,0-14,10.7
2023,R,沙田區,,15-24,8
2023,R,沙田區,,25-34,11.8
2023,R,沙田區,,35-44,15.9
2023,R,沙田區,,45-54,15.2
2023,R,沙田區,,55-64,16
2023,R,沙田區,,25-64,59
2023,R,沙田區,,65+,22.3
2023,R,沙田區,,,100
2023,Q,西貢區,M,0-14,28.6
2023,Q,西貢區,M,15-24,21.8
2023,Q,西貢區,M,25-34,31.1
2023,Q,西貢區,M,35-44,32.6
2023,Q,西貢區,M,45-54,33.5
2023,Q,西貢區,M,55-64,39.6
2023,Q,西貢區,M,25-64,136.8
2023,Q,西貢區,M,65+,43.7
2023,Q,西貢區,M,,230.8
2023,Q,西貢區,M,0-14,12.4
2023,Q,西貢區,M,15-24,9.4
2023,Q,西貢區,M,25-34,13.5
2023,Q,西貢區,M,35-44,14.1
2023,Q,西貢區,M,45-54,14.5
2023,Q,西貢區,M,55-64,17.2
2023,Q,西貢區,M,25-64,59.3
2023,Q,西貢區,M,65+,18.9
2023,Q,西貢區,M,,100
2023,Q,西貢區,F,0-14,26.2
2023,Q,西貢區,F,15-24,20.9
2023,Q,西貢區,F,25-34,38.1
2023,Q,西貢區,F,35-44,49.7
2023,Q,西貢區,F,45-54,47.4
2023,Q,西貢區,F,55-64,46.2
2023,Q,西貢區,F,25-64,181.4
2023,Q,西貢區,F,65+,43.7
2023,Q,西貢區,F,,272.2
2023,Q,西貢區,F,0-14,9.6
2023,Q,西貢區,F,15-24,7.7
2023,Q,西貢區,F,25-34,14
2023,Q,西貢區,F,35-44,18.3
2023,Q,西貢區,F,45-54,17.4
2023,Q,西貢區,F,55-64,17
2023,Q,西貢區,F,25-64,66.7
2023,Q,西貢區,F,65+,16.1
2023,Q,西貢區,F,,100
2023,Q,西貢區,,0-14,54.8
2023,Q,西貢區,,15-24,42.7
2023,Q,西貢區,,25-34,69.2
2023,Q,西貢區,,35-44,82.3
2023,Q,西貢區,,45-54,80.9
2023,Q,西貢區,,55-64,85.8
2023,Q,西貢區,,25-64,318.2
2023,Q,西貢區,,65+,87.4
2023,Q,西貢區,,,503
2023,Q,西貢區,,0-14,10.9
2023,Q,西貢區,,15-24,8.5
2023,Q,西貢區,,25-34,13.7
2023,Q,西貢區,,35-44,16.4
2023,Q,西貢區,,45-54,16.1
2023,Q,西貢區,,55-64,17.1
2023,Q,西貢區,,25-64,63.3
2023,Q,西貢區,,65+,17.4
2023,Q,西貢區,,,100
2023,T,離島區,M,0-14,12.4
2023,T,離島區,M,15-24,9.7
2023,T,離島區,M,25-34,12.5
2023,T,離島區,M,35-44,12.6
2023,T,離島區,M,45-54,11.8
2023,T,離島區,M,55-64,14.5
2023,T,離島區,M,25-64,51.5
2023,T,離島區,M,65+,15.5
2023,T,離島區,M,,89.1
2023,T,離島區,M,0-14,14
2023,T,離島區,M,15-24,10.9
2023,T,離島區,M,25-34,14.1
2023,T,離島區,M,35-44,14.2
2023,T,離島區,M,45-54,13.3
2023,T,離島區,M,55-64,16.2
2023,T,離島區,M,25-64,57.8
2023,T,離島區,M,65+,17.4
2023,T,離島區,M,,100
2023,T,離島區,F,0-14,12.5
2023,T,離島區,F,15-24,10.5
2023,T,離島區,F,25-34,16
2023,T,離島區,F,35-44,20
2023,T,離島區,F,45-54,17.4
2023,T,離島區,F,55-64,15.9
2023,T,離島區,F,25-64,69.3
2023,T,離島區,F,65+,14.2
2023,T,離島區,F,,106.6
2023,T,離島區,F,0-14,11.8
2023,T,離島區,F,15-24,9.8
2023,T,離島區,F,25-34,15
2023,T,離島區,F,35-44,18.8
2023,T,離島區,F,45-54,16.3
2023,T,離島區,F,55-64,15
2023,T,離島區,F,25-64,65.1
2023,T,離島區,F,65+,13.3
2023,T,離島區,F,,100
2023,T,離島區,,0-14,25
2023,T,離島區,,15-24,20.2
2023,T,離島區,,25-34,28.6
2023,T,離島區,,35-44,32.6
2023,T,離島區,,45-54,29.2
2023,T,離島區,,55-64,30.4
2023,T,離島區,,25-64,120.8
2023,T,離島區,,65+,29.7
2023,T,離島區,,,195.7
2023,T,離島區,,0-14,12.8
2023,T,離島區,,15-24,10.3
2023,T,離島區,,25-34,14.6
2023,T,離島區,,35-44,16.7
2023,T,離島區,,45-54,14.9
2023,T,離島區,,55-64,15.5
2023,T,離島區,,25-64,61.7
2023,T,離島區,,65+,15.2
2023,T,離島區,,,100
2023,,#N/A,M,0-14,403.1
2023,,#N/A,M,15-24,307.2
2023,,#N/A,M,25-34,429.1
2023,,#N/A,M,35-44,467.1
2023,,#N/A,M,45-54,477.1
2023,,#N/A,M,55-64,563.1
2023,,#N/A,M,25-64,1936.5
2023,,#N/A,M,65+,745.8
2023,,#N/A,M,,3392.6
2023,,#N/A,M,0-14,11.9
2023,,#N/A,M,15-24,9.1
2023,,#N/A,M,25-34,12.6
2023,,#N/A,M,35-44,13.8
2023,,#N/A,M,45-54,14.1
2023,,#N/A,M,55-64,16.6
2023,,#N/A,M,25-64,57.1
2023,,#N/A,M,65+,22
2023,,#N/A,M,,100
2023,,#N/A,F,0-14,377.2
2023,,#N/A,F,15-24,300
2023,,#N/A,F,25-34,511.3
2023,,#N/A,F,35-44,692.8
2023,,#N/A,F,45-54,671.4
2023,,#N/A,F,55-64,666.7
2023,,#N/A,F,25-64,2542.1
2023,,#N/A,F,65+,835.7
2023,,#N/A,F,,4055.1
2023,,#N/A,F,0-14,9.3
2023,,#N/A,F,15-24,7.4
2023,,#N/A,F,25-34,12.6
2023,,#N/A,F,35-44,17.1
2023,,#N/A,F,45-54,16.6
2023,,#N/A,F,55-64,16.4
2023,,#N/A,F,25-64,62.7
2023,,#N/A,F,65+,20.6
2023,,#N/A,F,,100
2023,,#N/A,,0-14,780.3
2023,,#N/A,,15-24,607.3
2023,,#N/A,,25-34,940.4
2023,,#N/A,,35-44,1159.9
2023,,#N/A,,45-54,1148.5
2023,,#N/A,,55-64,1229.8
2023,,#N/A,,25-64,4478.6
2023,,#N/A,,65+,1581.5
2023,,#N/A,,,7447.7
2023,,#N/A,,0-14,10.5
2023,,#N/A,,15-24,8.2
2023,,#N/A,,25-34,12.6
2023,,#N/A,,35-44,15.6
2023,,#N/A,,45-54,15.4
2023,,#N/A,,55-64,16.5
2023,,#N/A,,25-64,60.1
2023,,#N/A,,65+,21.2
2023,,#N/A,,,100
2024,A,中西區,M,0-14,11.4
2024,A,中西區,M,15-24,9
2024,A,中西區,M,25-34,10.6
2024,A,中西區,M,35-44,13.5
2024,A,中西區,M,45-54,14.1
2024,A,中西區,M,55-64,15
2024,A,中西區,M,25-64,53.1
2024,A,中西區,M,65+,22.1
2024,A,中西區,M,,95.6
2024,A,中西區,M,0-14,11.9
2024,A,中西區,M,15-24,9.4
2024,A,中西區,M,25-34,11.1
2024,A,中西區,M,35-44,14.1
2024,A,中西區,M,45-54,14.8
2024,A,中西區,M,55-64,15.7
2024,A,中西區,M,25-64,55.6
2024,A,中西區,M,65+,23.1
2024,A,中西區,M,,100
2024,A,中西區,F,0-14,11.5
2024,A,中西區,F,15-24,10.1
2024,A,中西區,F,25-34,21.3
2024,A,中西區,F,35-44,27
2024,A,中西區,F,45-54,20
2024,A,中西區,F,55-64,17.6
2024,A,中西區,F,25-64,85.8
2024,A,中西區,F,65+,26.4
2024,A,中西區,F,,133.8
2024,A,中西區,F,0-14,8.6
2024,A,中西區,F,15-24,7.6
2024,A,中西區,F,25-34,15.9
2024,A,中西區,F,35-44,20.1
2024,A,中西區,F,45-54,15
2024,A,中西區,F,55-64,13.1
2024,A,中西區,F,25-64,64.1
2024,A,中西區,F,65+,19.7
2024,A,中西區,F,,100
2024,A,中西區,,0-14,22.9
2024,A,中西區,,15-24,19.1
2024,A,中西區,,25-34,31.8
2024,A,中西區,,35-44,40.4
2024,A,中西區,,45-54,34.1
2024,A,中西區,,55-64,32.5
2024,A,中西區,,25-64,138.9
2024,A,中西區,,65+,48.6
2024,A,中西區,,,229.4
2024,A,中西區,,0-14,10
2024,A,中西區,,15-24,8.3
2024,A,中西區,,25-34,13.9
2024,A,中西區,,35-44,17.6
2024,A,中西區,,45-54,14.9
2024,A,中西區,,55-64,14.2
2024,A,中西區,,25-64,60.6
2024,A,中西區,,65+,21.2
2024,A,中西區,,,100
2024,B,灣仔區,M,0-14,7.2
2024,B,灣仔區,M,15-24,5.9
2024,B,灣仔區,M,25-34,6.2
2024,B,灣仔區,M,35-44,9.3
2024,B,灣仔區,M,45-54,9.3
2024,B,灣仔區,M,55-64,9.5
2024,B,灣仔區,M,25-64,34.2
2024,B,灣仔區,M,65+,17.2
2024,B,灣仔區,M,,64.6
2024,B,灣仔區,M,0-14,11.2
2024,B,灣仔區,M,15-24,9.1
2024,B,灣仔區,M,25-34,9.5
2024,B,灣仔區,M,35-44,14.3
2024,B,灣仔區,M,45-54,14.5
2024,B,灣仔區,M,55-64,14.7
2024,B,灣仔區,M,25-64,53
2024,B,灣仔區,M,65+,26.7
2024,B,灣仔區,M,,100
2024,B,灣仔區,F,0-14,7.2
2024,B,灣仔區,F,15-24,6.7
2024,B,灣仔區,F,25-34,14.2
2024,B,灣仔區,F,35-44,21
2024,B,灣仔區,F,45-54,15.4
2024,B,灣仔區,F,55-64,12.4
2024,B,灣仔區,F,25-64,62.9
2024,B,灣仔區,F,65+,20.5
2024,B,灣仔區,F,,97.3
2024,B,灣仔區,F,0-14,7.4
2024,B,灣仔區,F,15-24,6.9
2024,B,灣仔區,F,25-34,14.6
2024,B,灣仔區,F,35-44,21.6
2024,B,灣仔區,F,45-54,15.8
2024,B,灣仔區,F,55-64,12.7
2024,B,灣仔區,F,25-64,64.7
2024,B,灣仔區,F,65+,21.1
2024,B,灣仔區,F,,100
2024,B,灣仔區,,0-14,14.4
2024,B,灣仔區,,15-24,12.6
2024,B,灣仔區,,25-34,20.4
2024,B,灣仔區,,35-44,30.3
2024,B,灣仔區,,45-54,24.7
2024,B,灣仔區,,55-64,21.8
2024,B,灣仔區,,25-64,97.2
2024,B,灣仔區,,65+,37.8
2024,B,灣仔區,,,162
2024,B,灣仔區,,0-14,8.9
2024,B,灣仔區,,15-24,7.8
2024,B,灣仔區,,25-34,12.6
2024,B,灣仔區,,35-44,18.7
2024,B,灣仔區,,45-54,15.3
2024,B,灣仔區,,55-64,13.5
2024,B,灣仔區,,25-64,60
2024,B,灣仔區,,65+,23.3
2024,B,灣仔區,,,100
2024,C,東區,M,0-14,23.1
2024,C,東區,M,15-24,17.8
2024,C,東區,M,25-34,23.6
2024,C,東區,M,35-44,28.7
2024,C,東區,M,45-54,31.8
2024,C,東區,M,55-64,37.9
2024,C,東區,M,25-64,121.9
2024,C,東區,M,65+,61.5
2024,C,東區,M,,224.4
2024,C,東區,M,0-14,10.3
2024,C,東區,M,15-24,8
2024,C,東區,M,25-34,10.5
2024,C,東區,M,35-44,12.8
2024,C,東區,M,45-54,14.2
2024,C,東區,M,55-64,16.9
2024,C,東區,M,25-64,54.4
2024,C,東區,M,65+,27.4
2024,C,東區,M,,100
2024,C,東區,F,0-14,21.6
2024,C,東區,F,15-24,17.4
2024,C,東區,F,25-34,31.1
2024,C,東區,F,35-44,47.9
2024,C,東區,F,45-54,47.2
2024,C,東區,F,55-64,48.8
2024,C,東區,F,25-64,175
2024,C,東區,F,65+,76.1
2024,C,東區,F,,290.1
2024,C,東區,F,0-14,7.4
2024,C,東區,F,15-24,6
2024,C,東區,F,25-34,10.7
2024,C,東區,F,35-44,16.5
2024,C,東區,F,45-54,16.3
2024,C,東區,F,55-64,16.8
2024,C,東區,F,25-64,60.3
2024,C,東區,F,65+,26.2
2024,C,東區,F,,100
2024,C,東區,,0-14,44.6
2024,C,東區,,15-24,35.3
2024,C,東區,,25-34,54.7
2024,C,東區,,35-44,76.7
2024,C,東區,,45-54,79
2024,C,東區,,55-64,86.6
2024,C,東區,,25-64,296.9
2024,C,東區,,65+,137.6
2024,C,東區,,,514.4
2024,C,東區,,0-14,8.7
2024,C,東區,,15-24,6.9
2024,C,東區,,25-34,10.6
2024,C,東區,,35-44,14.9
2024,C,東區,,45-54,15.4
2024,C,東區,,55-64,16.8
2024,C,東區,,25-64,57.7
2024,C,東區,,65+,26.7
2024,C,東區,,,100
2024,D,南區,M,0-14,13.1
2024,D,南區,M,15-24,9.9
2024,D,南區,M,25-34,11.7
2024,D,南區,M,35-44,14
2024,D,南區,M,45-54,16.3
2024,D,南區,M,55-64,18.9
2024,D,南區,M,25-64,60.9
2024,D,南區,M,65+,27.6
2024,D,南區,M,,111.5
2024,D,南區,M,0-14,11.8
2024,D,南區,M,15-24,8.9
2024,D,南區,M,25-34,10.5
2024,D,南區,M,35-44,12.6
2024,D,南區,M,45-54,14.6
2024,D,南區,M,55-64,16.9
2024,D,南區,M,25-64,54.6
2024,D,南區,M,65+,24.8
2024,D,南區,M,,100
2024,D,南區,F,0-14,11.6
2024,D,南區,F,15-24,9.6
2024,D,南區,F,25-34,16.3
2024,D,南區,F,35-44,25.9
2024,D,南區,F,45-54,23.4
2024,D,南區,F,55-64,23
2024,D,南區,F,25-64,88.8
2024,D,南區,F,65+,33.3
2024,D,南區,F,,143.2
2024,D,南區,F,0-14,8.1
2024,D,南區,F,15-24,6.7
2024,D,南區,F,25-34,11.4
2024,D,南區,F,35-44,18.1
2024,D,南區,F,45-54,16.4
2024,D,南區,F,55-64,16.1
2024,D,南區,F,25-64,62
2024,D,南區,F,65+,23.2
2024,D,南區,F,,100
2024,D,南區,,0-14,24.7
2024,D,南區,,15-24,19.5
2024,D,南區,,25-34,28
2024,D,南區,,35-44,40
2024,D,南區,,45-54,39.7
2024,D,南區,,55-64,41.9
2024,D,南區,,25-64,149.7
2024,D,南區,,65+,60.9
2024,D,南區,,,254.7
2024,D,南區,,0-14,9.7
2024,D,南區,,15-24,7.6
2024,D,南區,,25-34,11
2024,D,南區,,35-44,15.7
2024,D,南區,,45-54,15.6
2024,D,南區,,55-64,16.5
2024,D,南區,,25-64,58.7
2024,D,南區,,65+,23.9
2024,D,南區,,,100
2024,E,油尖旺區,M,0-14,16.5
2024,E,油尖旺區,M,15-24,11.9
2024,E,油尖旺區,M,25-34,16
2024,E,油尖旺區,M,35-44,19.3
2024,E,油尖旺區,M,45-54,21.2
2024,E,油尖旺區,M,55-64,20.9
2024,E,油尖旺區,M,25-64,77.3
2024,E,油尖旺區,M,65+,26.5
2024,E,油尖旺區,M,,132.2
2024,E,油尖旺區,M,0-14,12.5
2024,E,油尖旺區,M,15-24,9
2024,E,油尖旺區,M,25-34,12.1
2024,E,油尖旺區,M,35-44,14.6
2024,E,油尖旺區,M,45-54,16.1
2024,E,油尖旺區,M,55-64,15.8
2024,E,油尖旺區,M,25-64,58.5
2024,E,油尖旺區,M,65+,20
2024,E,油尖旺區,M,,100
2024,E,油尖旺區,F,0-14,15.7
2024,E,油尖旺區,F,15-24,13.4
2024,E,油尖旺區,F,25-34,23.9
2024,E,油尖旺區,F,35-44,31.8
2024,E,油尖旺區,F,45-54,28.5
2024,E,油尖旺區,F,55-64,22.9
2024,E,油尖旺區,F,25-64,107.1
2024,E,油尖旺區,F,65+,31.3
2024,E,油尖旺區,F,,167.5
2024,E,油尖旺區,F,0-14,9.4
2024,E,油尖旺區,F,15-24,8
2024,E,油尖旺區,F,25-34,14.3
2024,E,油尖旺區,F,35-44,19
2024,E,油尖旺區,F,45-54,17
2024,E,油尖旺區,F,55-64,13.7
2024,E,油尖旺區,F,25-64,63.9
2024,E,油尖旺區,F,65+,18.7
2024,E,油尖旺區,F,,100
2024,E,油尖旺區,,0-14,32.2
2024,E,油尖旺區,,15-24,25.4
2024,E,油尖旺區,,25-34,39.9
2024,E,油尖旺區,,35-44,51.1
2024,E,油尖旺區,,45-54,49.7
2024,E,油尖旺區,,55-64,43.8
2024,E,油尖旺區,,25-64,184.4
2024,E,油尖旺區,,65+,57.7
2024,E,油尖旺區,,,299.7
2024,E,油尖旺區,,0-14,10.7
2024,E,油尖旺區,,15-24,8.5
2024,E,油尖旺區,,25-34,13.3
2024,E,油尖旺區,,35-44,17
2024,E,油尖旺區,,45-54,16.6
2024,E,油尖旺區,,55-64,14.6
2024,E,油尖旺區,,25-64,61.5
2024,E,油尖旺區,,65+,19.3
2024,E,油尖旺區,,,100
2024,F,深水埗區,M,0-14,26.3
2024,F,深水埗區,M,15-24,18.4
2024,F,深水埗區,M,25-34,24.2
2024,F,深水埗區,M,35-44,27.1
2024,F,深水埗區,M,45-54,27.9
2024,F,深水埗區,M,55-64,30.2
2024,F,深水埗區,M,25-64,109.5
2024,F,深水埗區,M,65+,45
2024,F,深水埗區,M,,199.2
2024,F,深水埗區,M,0-14,13.2
2024,F,深水埗區,M,15-24,9.2
2024,F,深水埗區,M,25-34,12.2
2024,F,深水埗區,M,35-44,13.6
2024,F,深水埗區,M,45-54,14
2024,F,深水埗區,M,55-64,15.2
2024,F,深水埗區,M,25-64,55
2024,F,深水埗區,M,65+,22.6
2024,F,深水埗區,M,,100
2024,F,深水埗區,F,0-14,22.2
2024,F,深水埗區,F,15-24,17.5
2024,F,深水埗區,F,25-34,27.9
2024,F,深水埗區,F,35-44,39.1
2024,F,深水埗區,F,45-54,40
2024,F,深水埗區,F,55-64,36.4
2024,F,深水埗區,F,25-64,143.5
2024,F,深水埗區,F,65+,49.8
2024,F,深水埗區,F,,233.1
2024,F,深水埗區,F,0-14,9.5
2024,F,深水埗區,F,15-24,7.5
2024,F,深水埗區,F,25-34,12
2024,F,深水埗區,F,35-44,16.8
2024,F,深水埗區,F,45-54,17.2
2024,F,深水埗區,F,55-64,15.6
2024,F,深水埗區,F,25-64,61.6
2024,F,深水埗區,F,65+,21.4
2024,F,深水埗區,F,,100
2024,F,深水埗區,,0-14,48.6
2024,F,深水埗區,,15-24,35.9
2024,F,深水埗區,,25-34,52.2
2024,F,深水埗區,,35-44,66.2
2024,F,深水埗區,,45-54,67.9
2024,F,深水埗區,,55-64,66.7
2024,F,深水埗區,,25-64,253
2024,F,深水埗區,,65+,94.8
2024,F,深水埗區,,,432.3
2024,F,深水埗區,,0-14,11.2
2024,F,深水埗區,,15-24,8.3
2024,F,深水埗區,,25-34,12.1
2024,F,深水埗區,,35-44,15.3
2024,F,深水埗區,,45-54,15.7
2024,F,深水埗區,,55-64,15.4
2024,F,深水埗區,,25-64,58.5
2024,F,深水埗區,,65+,21.9
2024,F,深水埗區,,,100
2024,G,九龍城區,M,0-14,22.7
2024,G,九龍城區,M,15-24,17
2024,G,九龍城區,M,25-34,21.1
2024,G,九龍城區,M,35-44,23.7
2024,G,九龍城區,M,45-54,26.9
2024,G,九龍城區,M,55-64,27.3
2024,G,九龍城區,M,25-64,98.9
2024,G,九龍城區,M,65+,39.6
2024,G,九龍城區,M,,178.3
2024,G,九龍城區,M,0-14,12.8
2024,G,九龍城區,M,15-24,9.5
2024,G,九龍城區,M,25-34,11.8
2024,G,九龍城區,M,35-44,13.3
2024,G,九龍城區,M,45-54,15.1
2024,G,九龍城區,M,55-64,15.3
2024,G,九龍城區,M,25-64,55.5
2024,G,九龍城區,M,65+,22.2
2024,G,九龍城區,M,,100
2024,G,九龍城區,F,0-14,21.2
2024,G,九龍城區,F,15-24,17.2
2024,G,九龍城區,F,25-34,28.7
2024,G,九龍城區,F,35-44,42.1
2024,G,九龍城區,F,45-54,41.4
2024,G,九龍城區,F,55-64,33.1
2024,G,九龍城區,F,25-64,145.2
2024,G,九龍城區,F,65+,50.6
2024,G,九龍城區,F,,234.2
2024,G,九龍城區,F,0-14,9.1
2024,G,九龍城區,F,15-24,7.3
2024,G,九龍城區,F,25-34,12.2
2024,G,九龍城區,F,35-44,18
2024,G,九龍城區,F,45-54,17.7
2024,G,九龍城區,F,55-64,14.1
2024,G,九龍城區,F,25-64,62
2024,G,九龍城區,F,65+,21.6
2024,G,九龍城區,F,,100
2024,G,九龍城區,,0-14,44
2024,G,九龍城區,,15-24,34.2
2024,G,九龍城區,,25-34,49.7
2024,G,九龍城區,,35-44,65.7
2024,G,九龍城區,,45-54,68.3
2024,G,九龍城區,,55-64,60.4
2024,G,九龍城區,,25-64,244.2
2024,G,九龍城區,,65+,90.2
2024,G,九龍城區,,,412.5
2024,G,九龍城區,,0-14,10.7
2024,G,九龍城區,,15-24,8.3
2024,G,九龍城區,,25-34,12.1
2024,G,九龍城區,,35-44,15.9
2024,G,九龍城區,,45-54,16.6
2024,G,九龍城區,,55-64,14.6
2024,G,九龍城區,,25-64,59.2
2024,G,九龍城區,,65+,21.9
2024,G,九龍城區,,,100
2024,H,黃大仙區,M,0-14,17.2
2024,H,黃大仙區,M,15-24,15.9
2024,H,黃大仙區,M,25-34,24.2
2024,H,黃大仙區,M,35-44,23.6
2024,H,黃大仙區,M,45-54,24.3
2024,H,黃大仙區,M,55-64,34.2
2024,H,黃大仙區,M,25-64,106.4
2024,H,黃大仙區,M,65+,47.7
2024,H,黃大仙區,M,,187.3
2024,H,黃大仙區,M,0-14,9.2
2024,H,黃大仙區,M,15-24,8.5
2024,H,黃大仙區,M,25-34,12.9
2024,H,黃大仙區,M,35-44,12.6
2024,H,黃大仙區,M,45-54,13
2024,H,黃大仙區,M,55-64,18.3
2024,H,黃大仙區,M,25-64,56.8
2024,H,黃大仙區,M,65+,25.5
2024,H,黃大仙區,M,,100
2024,H,黃大仙區,F,0-14,16.2
2024,H,黃大仙區,F,15-24,15.2
2024,H,黃大仙區,F,25-34,24.9
2024,H,黃大仙區,F,35-44,30.1
2024,H,黃大仙區,F,45-54,34.4
2024,H,黃大仙區,F,55-64,41.3
2024,H,黃大仙區,F,25-64,130.7
2024,H,黃大仙區,F,65+,57.3
2024,H,黃大仙區,F,,219.4
2024,H,黃大仙區,F,0-14,7.4
2024,H,黃大仙區,F,15-24,6.9
2024,H,黃大仙區,F,25-34,11.4
2024,H,黃大仙區,F,35-44,13.7
2024,H,黃大仙區,F,45-54,15.7
2024,H,黃大仙區,F,55-64,18.8
2024,H,黃大仙區,F,25-64,59.6
2024,H,黃大仙區,F,65+,26.1
2024,H,黃大仙區,F,,100
2024,H,黃大仙區,,0-14,33.4
2024,H,黃大仙區,,15-24,31.1
2024,H,黃大仙區,,25-34,49.1
2024,H,黃大仙區,,35-44,53.7
2024,H,黃大仙區,,45-54,58.8
2024,H,黃大仙區,,55-64,75.5
2024,H,黃大仙區,,25-64,237.1
2024,H,黃大仙區,,65+,105.1
2024,H,黃大仙區,,,406.7
2024,H,黃大仙區,,0-14,8.2
2024,H,黃大仙區,,15-24,7.6
2024,H,黃大仙區,,25-34,12.1
2024,H,黃大仙區,,35-44,13.2
2024,H,黃大仙區,,45-54,14.5
2024,H,黃大仙區,,55-64,18.6
2024,H,黃大仙區,,25-64,58.3
2024,H,黃大仙區,,65+,25.8
2024,H,黃大仙區,,,100
2024,J,觀塘區,M,0-14,32.2
2024,J,觀塘區,M,15-24,30
2024,J,觀塘區,M,25-34,38.4
2024,J,觀塘區,M,35-44,38.4
2024,J,觀塘區,M,45-54,42.9
2024,J,觀塘區,M,55-64,50.9
2024,J,觀塘區,M,25-64,170.5
2024,J,觀塘區,M,65+,74
2024,J,觀塘區,M,,306.8
2024,J,觀塘區,M,0-14,10.5
2024,J,觀塘區,M,15-24,9.8
2024,J,觀塘區,M,25-34,12.5
2024,J,觀塘區,M,35-44,12.5
2024,J,觀塘區,M,45-54,14
2024,J,觀塘區,M,55-64,16.6
2024,J,觀塘區,M,25-64,55.6
2024,J,觀塘區,M,65+,24.1
2024,J,觀塘區,M,,100
2024,J,觀塘區,F,0-14,29.7
2024,J,觀塘區,F,15-24,27.7
2024,J,觀塘區,F,25-34,39.6
2024,J,觀塘區,F,35-44,51.9
2024,J,觀塘區,F,45-54,60.3
2024,J,觀塘區,F,55-64,60.9
2024,J,觀塘區,F,25-64,212.7
2024,J,觀塘區,F,65+,85.5
2024,J,觀塘區,F,,355.6
2024,J,觀塘區,F,0-14,8.3
2024,J,觀塘區,F,15-24,7.8
2024,J,觀塘區,F,25-34,11.1
2024,J,觀塘區,F,35-44,14.6
2024,J,觀塘區,F,45-54,17
2024,J,觀塘區,F,55-64,17.1
2024,J,觀塘區,F,25-64,59.8
2024,J,觀塘區,F,65+,24.1
2024,J,觀塘區,F,,100
2024,J,觀塘區,,0-14,61.9
2024,J,觀塘區,,15-24,57.7
2024,J,觀塘區,,25-34,77.9
2024,J,觀塘區,,35-44,90.3
2024,J,觀塘區,,45-54,103.2
2024,J,觀塘區,,55-64,111.8
2024,J,觀塘區,,25-64,383.2
2024,J,觀塘區,,65+,159.6
2024,J,觀塘區,,,662.4
2024,J,觀塘區,,0-14,9.3
2024,J,觀塘區,,15-24,8.7
2024,J,觀塘區,,25-34,11.8
2024,J,觀塘區,,35-44,13.6
2024,J,觀塘區,,45-54,15.6
2024,J,觀塘區,,55-64,16.9
2024,J,觀塘區,,25-64,57.9
2024,J,觀塘區,,65+,24.1
2024,J,觀塘區,,,100
2024,S,葵青區,M,0-14,23.2
2024,S,葵青區,M,15-24,21.8
2024,S,葵青區,M,25-34,28.3
2024,S,葵青區,M,35-44,30.8
2024,S,葵青區,M,45-54,33.4
2024,S,葵青區,M,55-64,36.5
2024,S,葵青區,M,25-64,129.1
2024,S,葵青區,M,65+,56
2024,S,葵青區,M,,230.2
2024,S,葵青區,M,0-14,10.1
2024,S,葵青區,M,15-24,9.5
2024,S,葵青區,M,25-34,12.3
2024,S,葵青區,M,35-44,13.4
2024,S,葵青區,M,45-54,14.5
2024,S,葵青區,M,55-64,15.9
2024,S,葵青區,M,25-64,56.1
2024,S,葵青區,M,65+,24.3
2024,S,葵青區,M,,100
2024,S,葵青區,F,0-14,21.8
2024,S,葵青區,F,15-24,19.3
2024,S,葵青區,F,25-34,30.6
2024,S,葵青區,F,35-44,38.7
2024,S,葵青區,F,45-54,42.7
2024,S,葵青區,F,55-64,44.4
2024,S,葵青區,F,25-64,156.3
2024,S,葵青區,F,65+,64
2024,S,葵青區,F,,261.4
2024,S,葵青區,F,0-14,8.4
2024,S,葵青區,F,15-24,7.4
2024,S,葵青區,F,25-34,11.7
2024,S,葵青區,F,35-44,14.8
2024,S,葵青區,F,45-54,16.3
2024,S,葵青區,F,55-64,17
2024,S,葵青區,F,25-64,59.8
2024,S,葵青區,F,65+,24.5
2024,S,葵青區,F,,100
2024,S,葵青區,,0-14,45
2024,S,葵青區,,15-24,41.1
2024,S,葵青區,,25-34,58.9
2024,S,葵青區,,35-44,69.5
2024,S,葵青區,,45-54,76.1
2024,S,葵青區,,55-64,80.9
2024,S,葵青區,,25-64,285.4
2024,S,葵青區,,65+,120
2024,S,葵青區,,,491.6
2024,S,葵青區,,0-14,9.2
2024,S,葵青區,,15-24,8.4
2024,S,葵青區,,25-34,12
2024,S,葵青區,,35-44,14.1
2024,S,葵青區,,45-54,15.5
2024,S,葵青區,,55-64,16.5
2024,S,葵青區,,25-64,58.1
2024,S,葵青區,,65+,24.4
2024,S,葵青區,,,100
2024,K,荃灣區,M,0-14,16.7
2024,K,荃灣區,M,15-24,11.4
2024,K,荃灣區,M,25-34,15.7
2024,K,荃灣區,M,35-44,19
2024,K,荃灣區,M,45-54,22.5
2024,K,荃灣區,M,55-64,22.6
2024,K,荃灣區,M,25-64,79.7
2024,K,荃灣區,M,65+,31.1
2024,K,荃灣區,M,,139
2024,K,荃灣區,M,0-14,12
2024,K,荃灣區,M,15-24,8.2
2024,K,荃灣區,M,25-34,11.3
2024,K,荃灣區,M,35-44,13.6
2024,K,荃灣區,M,45-54,16.2
2024,K,荃灣區,M,55-64,16.2
2024,K,荃灣區,M,25-64,57.4
2024,K,荃灣區,M,65+,22.4
2024,K,荃灣區,M,,100
2024,K,荃灣區,F,0-14,15.7
2024,K,荃灣區,F,15-24,11.4
2024,K,荃灣區,F,25-34,17.8
2024,K,荃灣區,F,35-44,29
2024,K,荃灣區,F,45-54,30.3
2024,K,荃灣區,F,55-64,28.3
2024,K,荃灣區,F,25-64,105.3
2024,K,荃灣區,F,65+,34.7
2024,K,荃灣區,F,,167.2
2024,K,荃灣區,F,0-14,9.4
2024,K,荃灣區,F,15-24,6.8
2024,K,荃灣區,F,25-34,10.6
2024,K,荃灣區,F,35-44,17.3
2024,K,荃灣區,F,45-54,18.1
2024,K,荃灣區,F,55-64,16.9
2024,K,荃灣區,F,25-64,63
2024,K,荃灣區,F,65+,20.8
2024,K,荃灣區,F,,100
2024,K,荃灣區,,0-14,32.5
2024,K,荃灣區,,15-24,22.8
2024,K,荃灣區,,25-34,33.5
2024,K,荃灣區,,35-44,48
2024,K,荃灣區,,45-54,52.8
2024,K,荃灣區,,55-64,50.9
2024,K,荃灣區,,25-64,185.1
2024,K,荃灣區,,65+,65.8
2024,K,荃灣區,,,306.2
2024,K,荃灣區,,0-14,10.6
2024,K,荃灣區,,15-24,7.5
2024,K,荃灣區,,25-34,10.9
2024,K,荃灣區,,35-44,15.7
2024,K,荃灣區,,45-54,17.2
2024,K,荃灣區,,55-64,16.6
2024,K,荃灣區,,25-64,60.4
2024,K,荃灣區,,65+,21.5
2024,K,荃灣區,,,100
2024,L,屯門區,M,0-14,28.9
2024,L,屯門區,M,15-24,20.4
2024,L,屯門區,M,25-34,33.5
2024,L,屯門區,M,35-44,37.7
2024,L,屯門區,M,45-54,33.1
2024,L,屯門區,M,55-64,38.4
2024,L,屯門區,M,25-64,142.7
2024,L,屯門區,M,65+,57.5
2024,L,屯門區,M,,249.6
2024,L,屯門區,M,0-14,11.6
2024,L,屯門區,M,15-24,8.2
2024,L,屯門區,M,25-34,13.4
2024,L,屯門區,M,35-44,15.1
2024,L,屯門區,M,45-54,13.3
2024,L,屯門區,M,55-64,15.4
2024,L,屯門區,M,25-64,57.2
2024,L,屯門區,M,65+,23
2024,L,屯門區,M,,100
2024,L,屯門區,F,0-14,27.4
2024,L,屯門區,F,15-24,19.4
2024,L,屯門區,F,25-34,33.9
2024,L,屯門區,F,35-44,47.2
2024,L,屯門區,F,45-54,45.6
2024,L,屯門區,F,55-64,47.5
2024,L,屯門區,F,25-64,174.1
2024,L,屯門區,F,65+,60.5
2024,L,屯門區,F,,281.4
2024,L,屯門區,F,0-14,9.7
2024,L,屯門區,F,15-24,6.9
2024,L,屯門區,F,25-34,12
2024,L,屯門區,F,35-44,16.8
2024,L,屯門區,F,45-54,16.2
2024,L,屯門區,F,55-64,16.9
2024,L,屯門區,F,25-64,61.9
2024,L,屯門區,F,65+,21.5
2024,L,屯門區,F,,100
2024,L,屯門區,,0-14,56.3
2024,L,屯門區,,15-24,39.8
2024,L,屯門區,,25-34,67.4
2024,L,屯門區,,35-44,84.9
2024,L,屯門區,,45-54,78.7
2024,L,屯門區,,55-64,85.9
2024,L,屯門區,,25-64,316.9
2024,L,屯門區,,65+,118
2024,L,屯門區,,,531
2024,L,屯門區,,0-14,10.6
2024,L,屯門區,,15-24,7.5
2024,L,屯門區,,25-34,12.7
2024,L,屯門區,,35-44,16
2024,L,屯門區,,45-54,14.8
2024,L,屯門區,,55-64,16.2
2024,L,屯門區,,25-64,59.7
2024,L,屯門區,,65+,22.2
2024,L,屯門區,,,100
2024,M,元朗區,M,0-14,36.6
2024,M,元朗區,M,15-24,28.1
2024,M,元朗區,M,25-34,44.8
2024,M,元朗區,M,35-44,46.1
2024,M,元朗區,M,45-54,41.9
2024,M,元朗區,M,55-64,52.3
2024,M,元朗區,M,25-64,185
2024,M,元朗區,M,65+,63.1
2024,M,元朗區,M,,312.8
2024,M,元朗區,M,0-14,11.7
2024,M,元朗區,M,15-24,9
2024,M,元朗區,M,25-34,14.3
2024,M,元朗區,M,35-44,14.7
2024,M,元朗區,M,45-54,13.4
2024,M,元朗區,M,55-64,16.7
2024,M,元朗區,M,25-64,59.2
2024,M,元朗區,M,65+,20.2
2024,M,元朗區,M,,100
2024,M,元朗區,F,0-14,34.3
2024,M,元朗區,F,15-24,25.8
2024,M,元朗區,F,25-34,47.4
2024,M,元朗區,F,35-44,63.7
2024,M,元朗區,F,45-54,61.5
2024,M,元朗區,F,55-64,63.6
2024,M,元朗區,F,25-64,236.2
2024,M,元朗區,F,65+,62
2024,M,元朗區,F,,358.3
2024,M,元朗區,F,0-14,9.6
2024,M,元朗區,F,15-24,7.2
2024,M,元朗區,F,25-34,13.2
2024,M,元朗區,F,35-44,17.8
2024,M,元朗區,F,45-54,17.2
2024,M,元朗區,F,55-64,17.8
2024,M,元朗區,F,25-64,65.9
2024,M,元朗區,F,65+,17.3
2024,M,元朗區,F,,100
2024,M,元朗區,,0-14,70.8
2024,M,元朗區,,15-24,53.9
2024,M,元朗區,,25-34,92.1
2024,M,元朗區,,35-44,109.8
2024,M,元朗區,,45-54,103.4
2024,M,元朗區,,55-64,115.9
2024,M,元朗區,,25-64,421.2
2024,M,元朗區,,65+,125.1
2024,M,元朗區,,,671.1
2024,M,元朗區,,0-14,10.6
2024,M,元朗區,,15-24,8
2024,M,元朗區,,25-34,13.7
2024,M,元朗區,,35-44,16.4
2024,M,元朗區,,45-54,15.4
2024,M,元朗區,,55-64,17.3
2024,M,元朗區,,25-64,62.8
2024,M,元朗區,,65+,18.6
2024,M,元朗區,,,100
2024,N,北區,M,0-14,18.1
2024,N,北區,M,15-24,14.9
2024,N,北區,M,25-34,22
2024,N,北區,M,35-44,22.3
2024,N,北區,M,45-54,18.6
2024,N,北區,M,55-64,26.4
2024,N,北區,M,25-64,89.3
2024,N,北區,M,65+,36
2024,N,北區,M,,158.2
2024,N,北區,M,0-14,11.4
2024,N,北區,M,15-24,9.4
2024,N,北區,M,25-34,13.9
2024,N,北區,M,35-44,14.1
2024,N,北區,M,45-54,11.7
2024,N,北區,M,55-64,16.7
2024,N,北區,M,25-64,56.4
2024,N,北區,M,65+,22.7
2024,N,北區,M,,100
2024,N,北區,F,0-14,17.2
2024,N,北區,F,15-24,14.4
2024,N,北區,F,25-34,22.9
2024,N,北區,F,35-44,29.6
2024,N,北區,F,45-54,28.2
2024,N,北區,F,55-64,32.1
2024,N,北區,F,25-64,112.8
2024,N,北區,F,65+,35.7
2024,N,北區,F,,180.1
2024,N,北區,F,0-14,9.6
2024,N,北區,F,15-24,8
2024,N,北區,F,25-34,12.7
2024,N,北區,F,35-44,16.5
2024,N,北區,F,45-54,15.6
2024,N,北區,F,55-64,17.8
2024,N,北區,F,25-64,62.6
2024,N,北區,F,65+,19.8
2024,N,北區,F,,100
2024,N,北區,,0-14,35.4
2024,N,北區,,15-24,29.3
2024,N,北區,,25-34,44.9
2024,N,北區,,35-44,51.9
2024,N,北區,,45-54,46.7
2024,N,北區,,55-64,58.5
2024,N,北區,,25-64,202
2024,N,北區,,65+,71.7
2024,N,北區,,,338.4
2024,N,北區,,0-14,10.4
2024,N,北區,,15-24,8.7
2024,N,北區,,25-34,13.3
2024,N,北區,,35-44,15.3
2024,N,北區,,45-54,13.8
2024,N,北區,,55-64,17.3
2024,N,北區,,25-64,59.7
2024,N,北區,,65+,21.2
2024,N,北區,,,100
2024,P,大埔區,M,0-14,17.8
2024,P,大埔區,M,15-24,11.8
2024,P,大埔區,M,25-34,18.4
2024,P,大埔區,M,35-44,23.1
2024,P,大埔區,M,45-54,18.8
2024,P,大埔區,M,55-64,24.4
2024,P,大埔區,M,25-64,84.7
2024,P,大埔區,M,65+,36.8
2024,P,大埔區,M,,151.1
2024,P,大埔區,M,0-14,11.8
2024,P,大埔區,M,15-24,7.8
2024,P,大埔區,M,25-34,12.1
2024,P,大埔區,M,35-44,15.3
2024,P,大埔區,M,45-54,12.5
2024,P,大埔區,M,55-64,16.2
2024,P,大埔區,M,25-64,56.1
2024,P,大埔區,M,65+,24.3
2024,P,大埔區,M,,100
2024,P,大埔區,F,0-14,17
2024,P,大埔區,F,15-24,10.8
2024,P,大埔區,F,25-34,20.8
2024,P,大埔區,F,35-44,32.3
2024,P,大埔區,F,45-54,27.1
2024,P,大埔區,F,55-64,31
2024,P,大埔區,F,25-64,111.3
2024,P,大埔區,F,65+,37.7
2024,P,大埔區,F,,176.8
2024,P,大埔區,F,0-14,9.6
2024,P,大埔區,F,15-24,6.1
2024,P,大埔區,F,25-34,11.8
2024,P,大埔區,F,35-44,18.3
2024,P,大埔區,F,45-54,15.3
2024,P,大埔區,F,55-64,17.6
2024,P,大埔區,F,25-64,62.9
2024,P,大埔區,F,65+,21.3
2024,P,大埔區,F,,100
2024,P,大埔區,,0-14,34.8
2024,P,大埔區,,15-24,22.7
2024,P,大埔區,,25-34,39.2
2024,P,大埔區,,35-44,55.5
2024,P,大埔區,,45-54,45.9
2024,P,大埔區,,55-64,55.5
2024,P,大埔區,,25-64,196
2024,P,大埔區,,65+,74.5
2024,P,大埔區,,,327.9
2024,P,大埔區,,0-14,10.6
2024,P,大埔區,,15-24,6.9
2024,P,大埔區,,25-34,11.9
2024,P,大埔區,,35-44,16.9
2024,P,大埔區,,45-54,14
2024,P,大埔區,,55-64,16.9
2024,P,大埔區,,25-64,59.8
2024,P,大埔區,,65+,22.7
2024,P,大埔區,,,100
2024,R,沙田區,M,0-14,37.4
2024,R,沙田區,M,15-24,28
2024,R,沙田區,M,25-34,38.1
2024,R,沙田區,M,35-44,45.5
2024,R,沙田區,M,45-54,44.4
2024,R,沙田區,M,55-64,49
2024,R,沙田區,M,25-64,177
2024,R,沙田區,M,65+,76.2
2024,R,沙田區,M,,318.6
2024,R,沙田區,M,0-14,11.7
2024,R,沙田區,M,15-24,8.8
2024,R,沙田區,M,25-34,12
2024,R,沙田區,M,35-44,14.3
2024,R,沙田區,M,45-54,13.9
2024,R,沙田區,M,55-64,15.4
2024,R,沙田區,M,25-64,55.6
2024,R,沙田區,M,65+,23.9
2024,R,沙田區,M,,100
2024,R,沙田區,F,0-14,35.1
2024,R,沙田區,F,15-24,27.3
2024,R,沙田區,F,25-34,42.9
2024,R,沙田區,F,35-44,65.5
2024,R,沙田區,F,45-54,62.5
2024,R,沙田區,F,55-64,62
2024,R,沙田區,F,25-64,232.9
2024,R,沙田區,F,65+,85
2024,R,沙田區,F,,380.3
2024,R,沙田區,F,0-14,9.2
2024,R,沙田區,F,15-24,7.2
2024,R,沙田區,F,25-34,11.3
2024,R,沙田區,F,35-44,17.2
2024,R,沙田區,F,45-54,16.4
2024,R,沙田區,F,55-64,16.3
2024,R,沙田區,F,25-64,61.2
2024,R,沙田區,F,65+,22.4
2024,R,沙田區,F,,100
2024,R,沙田區,,0-14,72.5
2024,R,沙田區,,15-24,55.2
2024,R,沙田區,,25-34,81
2024,R,沙田區,,35-44,111
2024,R,沙田區,,45-54,107
2024,R,沙田區,,55-64,111
2024,R,沙田區,,25-64,410
2024,R,沙田區,,65+,161.2
2024,R,沙田區,,,698.9
2024,R,沙田區,,0-14,10.4
2024,R,沙田區,,15-24,7.9
2024,R,沙田區,,25-34,11.6
2024,R,沙田區,,35-44,15.9
2024,R,沙田區,,45-54,15.3
2024,R,沙田區,,55-64,15.9
2024,R,沙田區,,25-64,58.7
2024,R,沙田區,,65+,23.1
2024,R,沙田區,,,100
2024,Q,西貢區,M,0-14,27.1
2024,Q,西貢區,M,15-24,20.6
2024,Q,西貢區,M,25-34,29.3
2024,Q,西貢區,M,35-44,32.9
2024,Q,西貢區,M,45-54,32.7
2024,Q,西貢區,M,55-64,37.6
2024,Q,西貢區,M,25-64,132.6
2024,Q,西貢區,M,65+,45.1
2024,Q,西貢區,M,,225.4
2024,Q,西貢區,M,0-14,12
2024,Q,西貢區,M,15-24,9.1
2024,Q,西貢區,M,25-34,13
2024,Q,西貢區,M,35-44,14.6
2024,Q,西貢區,M,45-54,14.5
2024,Q,西貢區,M,55-64,16.7
2024,Q,西貢區,M,25-64,58.8
2024,Q,西貢區,M,65+,20
2024,Q,西貢區,M,,100
2024,Q,西貢區,F,0-14,25.5
2024,Q,西貢區,F,15-24,19.8
2024,Q,西貢區,F,25-34,36.4
2024,Q,西貢區,F,35-44,49.5
2024,Q,西貢區,F,45-54,47.3
2024,Q,西貢區,F,55-64,45.5
2024,Q,西貢區,F,25-64,178.7
2024,Q,西貢區,F,65+,48.8
2024,Q,西貢區,F,,272.8
2024,Q,西貢區,F,0-14,9.3
2024,Q,西貢區,F,15-24,7.3
2024,Q,西貢區,F,25-34,13.3
2024,Q,西貢區,F,35-44,18.1
2024,Q,西貢區,F,45-54,17.3
2024,Q,西貢區,F,55-64,16.7
2024,Q,西貢區,F,25-64,65.5
2024,Q,西貢區,F,65+,17.9
2024,Q,西貢區,F,,100
2024,Q,西貢區,,0-14,52.6
2024,Q,西貢區,,15-24,40.4
2024,Q,西貢區,,25-34,65.7
2024,Q,西貢區,,35-44,82.5
2024,Q,西貢區,,45-54,80
2024,Q,西貢區,,55-64,83.1
2024,Q,西貢區,,25-64,311.3
2024,Q,西貢區,,65+,93.9
2024,Q,西貢區,,,498.2
2024,Q,西貢區,,0-14,10.6
2024,Q,西貢區,,15-24,8.1
2024,Q,西貢區,,25-34,13.2
2024,Q,西貢區,,35-44,16.6
2024,Q,西貢區,,45-54,16.1
2024,Q,西貢區,,55-64,16.7
2024,Q,西貢區,,25-64,62.5
2024,Q,西貢區,,65+,18.8
2024,Q,西貢區,,,100
2024,T,離島區,M,0-14,11.7
2024,T,離島區,M,15-24,8.9
2024,T,離島區,M,25-34,12.1
2024,T,離島區,M,35-44,13.5
2024,T,離島區,M,45-54,12.4
2024,T,離島區,M,55-64,14.6
2024,T,離島區,M,25-64,52.5
2024,T,離島區,M,65+,16.3
2024,T,離島區,M,,89.4
2024,T,離島區,M,0-14,13.1
2024,T,離島區,M,15-24,9.9
2024,T,離島區,M,25-34,13.6
2024,T,離島區,M,35-44,15.1
2024,T,離島區,M,45-54,13.8
2024,T,離島區,M,55-64,16.3
2024,T,離島區,M,25-64,58.8
2024,T,離島區,M,65+,18.2
2024,T,離島區,M,,100
2024,T,離島區,F,0-14,11.3
2024,T,離島區,F,15-24,9.6
2024,T,離島區,F,25-34,16.1
2024,T,離島區,F,35-44,20.1
2024,T,離島區,F,45-54,16.7
2024,T,離島區,F,55-64,15.1
2024,T,離島區,F,25-64,67.9
2024,T,離島區,F,65+,17.1
2024,T,離島區,F,,105.9
2024,T,離島區,F,0-14,10.7
2024,T,離島區,F,15-24,9.1
2024,T,離島區,F,25-34,15.2
2024,T,離島區,F,35-44,19
2024,T,離島區,F,45-54,15.7
2024,T,離島區,F,55-64,14.3
2024,T,離島區,F,25-64,64.2
2024,T,離島區,F,65+,16.1
2024,T,離島區,F,,100
2024,T,離島區,,0-14,23
2024,T,離島區,,15-24,18.5
2024,T,離島區,,25-34,28.2
2024,T,離島區,,35-44,33.6
2024,T,離島區,,45-54,29
2024,T,離島區,,55-64,29.7
2024,T,離島區,,25-64,120.5
2024,T,離島區,,65+,33.4
2024,T,離島區,,,195.3
2024,T,離島區,,0-14,11.8
2024,T,離島區,,15-24,9.4
2024,T,離島區,,25-34,14.4
2024,T,離島區,,35-44,17.2
2024,T,離島區,,45-54,14.9
2024,T,離島區,,55-64,15.2
2024,T,離島區,,25-64,61.7
2024,T,離島區,,65+,17.1
2024,T,離島區,,,100
