項目名稱,簡介,合資格類別,完成/預計 完成年份,項目總預算 (百萬港元),截至2024- 25年度的 開支 (百萬港元),獲分配的 綠債資金 (截至2025年 8月31日) (百萬港元) [按債券顯示]1,主要預期效益
O •PARK1,建造香港第一所有機資源回收 中心，採用厭氧消化技術把 廚餘轉化為生物氣以作發電,廢物管理及 資源回收,2018,"1,589","1,434",282 [B1: 266 B20: 16],•每日200公噸廚餘的處理量 •每年最多可輸出1 400萬度電力 •每年最多可避免排放42 000公噸 二氧化碳當量的溫室氣體 •獲得綠建環評新建建築1.2版 最終鉑金級認證
西九龍政府 合署,建造雙塔式設計的全新政府 大樓，總建築樓面面積約為 98 000平方米，以容納多個 政府部門,綠色建築,2019,"4,743","3,611","1,783 [B1: 1,769 B28: 14]",•獲得綠建環評新建建築1.2版 最終鉑金級認證 •能源消耗量減少約41.9%（辦公 室）及47.2%（停車場）
稅務中心,建造一座全新的政府辦公 大樓，提供約45 000平方米 的淨作業樓面面積，並連接至 啟德發展區區域供冷系統,綠色建築,2022,"3,600","3,010","3,010 [B1: 386 B2: 792 B3: 791 B4: 396 B8: 580 B28: 65]",•獲得綠建環評新建建築1.2版 最終金級認證 •二氧化碳減排量達到約35.0%
新圍污水處理 廠改善工程－ 第1期,把污水處理水平由基本處理 提升至加設紫外線消毒的化學 強化一級處理。每日污水處理 量由164 000立方米增至 200 000立方米,水及廢水管理,2020,"2,572","1,965","1,428 [B1: 886 B2: 180 B3: 180 B4: 90 B8: 69 B28: 23]",•每日污水處理量增加 36 000立方米 •每年循環再用水275 000立方米 •獲得綠建環評新建建築1.2版 最終鉑金級認證
在東涌及 小蠔灣之間 增建一條加壓 污水管及修 復現有加壓 污水管,在東涌污水泵房及小蠔灣 污水處理廠之間分別新建 一條長約6.5公里及修復現有 長約6.5公里的加壓污水管， 使每日輸送量由60 000立方米 增至120 000立方米,水及廢水管理,2025,"1,363",800,710 [B1: 241 B2: 70 B3: 70 B4: 35 B9: 144 B28: 150],•每日污水輸送量增加 60 000立方米 •預計約16.5萬人可受惠
啟德發展區 區域供冷系統,於啟德發展區建造首個區域 供冷系統，即大型高效節能的 中央空調系統，為啟德發展區 內多座建築物提供供冷服務,能源效益和 節約能源,2025,"4,946","4,484","1,209 [B1: 501 B2: 515 B6: 72 B8: 28 B9: 28 B29: 65]",•與氣冷式空調系統比較 能提升能源效益35% •每年節省8 500萬度電力 •每年避免或減少排放59 500公噸 二氧化碳當量的溫室氣體
O •PARK2,建造香港第二所有機資源回收 中心，採用厭氧消化技術把有 機廢物轉化為生物氣以作發電,廢物管理及 資源回收,2024,"2,584","2,454","2,454 [B2: 690 B3: 690 B4: 345 B5: 123 B6: 196 B7: 74 B8: 49 B9: 101 B10: 100 B32: 40 B33: 46]",•每日300公噸有機廢物的處理量 •每年最多可輸出2 400萬度電力 •每年最多可避免排放67 000公噸 二氧化碳當量的溫室氣體 •獲得綠建環評新建建築1.2版 暫定鉑金級認證
庫務大樓,建造一座樓高22層的全新政府 大樓，提供約26 500平方米 的淨作業樓面面積以容納不 同的政策局及部門的辦公室、 普通科門診診所、幼兒中心及 長者日間護理中心等設施,綠色建築,2022,"2,281","1,610","1,568 [B2: 583 B3: 645 B4: 322 B5: 18]",•獲得綠建環評新建建築1.2版 最終金級認證 •能源消耗量減少約27.89%（辦公 室）及31.82%（停車場）
瑪麗醫院 第一期重建 計劃,在現時的瑪麗醫院附近 興建一座新醫院大樓及相關 設施，總建築樓面面積約 143 000平方米，以提升瑪麗 醫院的醫療服務能力,綠色建築,2024,"13,556","7,496","7,496 [B2: 1,555 B3: 1,026 B4: 481 B6: 1,728 B28: 2,706]",•獲得綠建環評新建建築1.2版 暫定金級認證 •二氧化碳減排量達到約 18.2%（醫院）及29.3%（停車場）
東九文化中心,建造全新的文化中心，建築 樓面面積約50 900平方米， 為社區提供多項文化設施和 服務以及公眾休憩用地,綠色建築,2023,"4,176","2,918","2,531 [B2: 783 B3: 722 B4: 361 B9: 372 B28: 293]",•獲得綠建環評新建建築1.1版 暫定金級認證 •能源消耗量減少約13.2%
西九龍雨水 排放系統改善 計劃–水塘間 轉運隧道計劃,興建一條由九龍副水塘至 下城門水塘的輸水隧道以及 進水口和排水口構築物，把 九龍水塘群收集的地面徑流 轉運至下城門水塘,水及廢水管理,2022,"1,222",682,682 [B2: 229 B3: 229 B4: 115 B8: 77 B28: 32],"•每年額外收集約340萬立方米食水
•每日額外處理3 340立方米污水 •預計將獲得綠建環評新建建築1.2版金級認證
•項目的節能裝置預計每年可節省15%的能源消耗量
•將會安裝24平方米的光伏板"
沙頭角污水 處理廠第1期擴 建工程,重建現時的沙頭角污水 處理廠，將每日處理量 由1 660立方米增加至5 000立方米，以及興建一條更大和更長的新海底 排放管，以改善沙頭角海的水質,水及廢水管理,2025,"2,041","1,317","1,317 [B2: 329",
啟德發展區 新增的區域 供冷系統,建造第二所啟德發展區區域 供冷系統，即大型高效節能的 中央空調系統，以應付該區 用戶建築物（包括新急症醫院 及啟德體育園）對製冷量需求 的預期增長,能源效益和 節約能源,2028,"4,269","2,801","2,801 [B3: 1,020 B4: 510 B5: 718 B21: 217 B22: 336]",•與氣冷式空調系統比較 能提升能源效益35% •每年節省5 300萬度電力 •每年避免或減少排放37 000公噸 二氧化碳當量的溫室氣體
消防處百勝角 已婚人員宿舍,建造五幢16至17層高的全新 宿舍樓宇，總建築樓面面積約 47 140平方米，以提供648個 部門宿舍單位及附屬設施,綠色建築,2021,"1,625","1,305","1,191 [B8: 1,174 B10: 14 B28: 3]",•獲得綠建環評新建建築2.0版 最終鉑金級認證 •二氧化碳減排量達到約13.1%
慈雲山香港 海關職員宿舍,建造一幢25層高的全新 宿舍樓宇，建築樓面面積約 13 300平方米，以提供175個 部門宿舍單位及附屬設施,綠色建築,2022,533,337,333 [B7: 331 B10: 2],•獲得綠建環評新建建築1.2版 最終金級認證 •能源消耗量減少約30.5%
重置香港郵政 總部,建造一座樓高八層的全新 大樓，建築樓面面積約 25 750 平方米，以重置香港 郵政總部，以及設置部分外設 辦事處和一所新派遞局,綠色建築,2023,"1,601",968,968 [B6: 888 B28: 80],•獲得綠建環評新建建築1.2版 最終金級認證 •能源消耗量減少約19.6%
葵涌醫院重建 工程第二期,在葵涌醫院的現有範圍內興建 新的主座和兒童及青少年座及 附屬設施，以配合現代化的精 神科護理服務模式,綠色建築,2025,"74,523","5,600","3,697 [B5: 1,009 B6: 1,250 B7: 696 B8: 401 B9: 341]",•獲得綠建環評新建建築2.0版 暫定鉑金級認證 •二氧化碳減排量達到約13%
將軍澳第123區 寶琳路香港海 關職員宿舍,建造兩幢25至26層高的全新 宿舍樓宇，總建築樓面面積約 23 860平方米，以提供306個 部門宿舍單位及附屬設施,綠色建築,2024,"1,035",607,606 [B9: 449 B10: 65 B28: 92],•獲得綠建環評新建建築1.2版 暫定金級認證 •於公用區域採用自然通風， 令公用區域整體的風扇耗電量 與《建築物能源效益守則2018》 的標準相比減少55.9% •公用區域人工照明系統的耗電量 與《建築物能源效益守則2018》 的標準相比減少30% 以上
醫院管理局 支援服務中心,建造一座全新的支援服務 大樓，建築樓面面積約 52 540平方米，設有洗衣 工場、病人膳食中央食品 製作組、資訊科技機構數據 中心及中央應急儲備室， 以配合醫院管理局的需求,綠色建築,2024,"3,788","2,484","2,484 [B6: 2,061 B28: 423]",•獲得綠建環評新建建築2.0版 暫定鉑金級認證 •項目的節能裝置預計每年可 節省5.5%的能源消耗量
水務署大樓及 懲教總部大樓,建造樓高15層的雙塔式全 新辦公大樓，淨作業樓面面 積約37 000平方米，以容納 水務署總部暨香港及離島 分署、懲教署總部、政府牙科 診所及公共停車場,綠色建築,2027,"3,253",689,689 [B9: 557 B35: 132],•獲得綠建環評新建建築2.0版 暫定鉑金級認證 •二氧化碳減排量達到約23%
渠務大樓,建造一座樓高21層的全新 辦公大樓，淨作業樓面面積 約19 220 平方米，用作重置 渠務署及社會福利署設施,綠色建築,2025,"2,158","1,264","1,264 [B7: 517 B10: 603 B28: 144]",•獲得綠建環評新建建築2.0版 暫定鉑金級認證 •二氧化碳減排量達到約16.7%
將軍澳政府 合署,建造樓高16至18層的全新 雙塔式大樓，淨作業樓面面 積約44 000平方米，以容納 多個政府部門及設施，包括 普通科門診診所、就業中心、 公務員診所和牙科診所，及為 政府僱員而設的幼兒中心,綠色建築,2025,"5,228","3,531","3,531 [B6: 1,790 B10: 860 B23: 367 B28: 514]",•預計將獲得綠建環評新建建築 1.2版金級或以上認證 •項目的節能裝置預計每年可 節省10.5%的能源消耗量
九龍、沙田及 西貢污水幹渠 修復工程,在九龍、沙田及西貢修復現有 四條長50米至一公里的污水 幹渠及另建污水幹渠，以減低 污水溢流的風險,水及廢水管理,2022,679,342,308 [B9: 292 B28: 16],•大幅降低污水從總長度為1.65 公里的污水幹渠溢出的風險 •於沙田及西貢建造的新污水幹 渠預計可提高污水輸送能力 •預計約90萬人可受惠
觀塘基本污水 處理廠改善 工程,優化基本污水處理廠，使每日 處理量由330 000立方米提升 至440 000立方米,水及廢水管理,2022,350,346,275 [B8: 271 B10: 4],•每日污水處理量增加 110 000立方米 •工場及泵房屋頂安裝了光伏板
九龍西部及 荃灣污水系統 改善工程－ 第1期,在荃灣及九龍西部建造全新或 優化現有的旱季截流器，用以 於旱季期間堵截受污染的雨水 並輸送至昂船洲污水處理廠作 適當的處理和排放,水及廢水管理,2022,277,142,115 [B9: 115],•預計每年在各自的排水系統 的總污染量會減少約七成
建造櫻桃街 箱形雨水渠 旱季截流器,於櫻桃街箱形雨水渠建造一個 地底旱季截流器（配備自動 水閘）；建造泵房、地底箱 形雨水繞道及地底雙管污水 泵喉，於旱季期間堵截受污染 的雨水並將之泵送至昂船洲 污水處理廠作適當的處理 和排放,水及廢水管理,2022,665,435,384 [B8: 341 B28: 43],•預計每年經櫻桃街箱形雨水渠 進入新油麻地避風塘的總污染量 會減少約七成 •泵房屋頂安裝了光伏板
活化翠屏河,利用環境、生態及園景美化 等改善工程將現有敬業街明 渠活化成翠綠和具活力的 「翠屏河」，並同時加強現有 明渠的排洪能力,水及廢水管理,2024,"1,342",996,996 [B5: 147 B6: 235 B7: 88 B8: 59 B9: 147 B28: 168 B35: 152],•長約一公里明渠的外觀和生態 環境得到改善 •約1.73公頃的河床得以活化 •減少排入河道的污染旱流 •加強河道的排洪能力
九龍西部及 荃灣污水系統 改善工程－ 第2期,改善九龍西部及荃灣的現有 污水收集系統，包括新鋪設約 14.5公里長的無壓污水渠及 更換現有約19公里長的無壓 污水渠，以應付污水量的預期 增長及減低因老化污水渠滲漏 而引致的污染風險,水及廢水管理,2026,"2,286",991,991 [B6: 644 B28: 347],•提高污水輸送能力 •降低污水滲漏和溢出的風險 •改善沿岸水質及緩解相關異味問題
元朗淨水設施 第1階段,重建部分現有元朗污水 處理廠，使污水處理量由 每日70 000 立方米增至 100 000 立方米，並預留空間 供日後建造污泥∕廚餘共厭氧 消化設施,水及廢水管理,2027,"6,950","3,235","3,192 [B5: 1,986 B10: 2 B28: 1,204]",•每日污水處理量增加 30 000立方米 •每年循環再用水235 000立方米 •淨化水的殘餘有機物 含量減少50% •大部分建築物屋頂將會安裝光伏板 •獲得綠建環評社區1.0版鉑金級 認證及新建建築1.2版暫定鉑金級 認證
小蠔灣濾水廠 擴展工程,提升小蠔灣濾水廠，使其每日 的濾水量由150 000立方米增 至300 000立方米，並相應提 高原水供應系統的輸水量,水及廢水管理,2027,"3,806","1,569","1,565 [B5: 985 B10: 537 B13: 43]",•每日濾水量增加150 000立方米
搬遷沙田污水 處理廠往岩洞,搬遷沙田污水處理廠往岩洞， 騰出廠房現址作創科發展和 其他有利民生及社會發展的 用途，以及改善廠房現址及 周邊的環境,水及廢水管理,2031,"19,916","4,830","4,485 [B5: 2,731 B13: 104 B20: 351 B21: 490 B22: 229 B28: 580]",•廠房現址及周邊的環境大幅改善 •有效加強氣味管理，惠及附近社區 •騰出約28公頃的土地，為社 區和經濟帶來多方面的益處 •處理後的污水會用於冷 卻設備，以節約能源 •上游污水收集系統的現有設備 得以提升（例如馬鞍山污水泵房 的容量將提升31.5%），使系統 能應付馬鞍山地區未來的潛在 發展，並保持系統的耐用性
石湖墟淨水 設施,重建現有石湖墟污水 處理廠，使污水處理量由 每日105 000立方米增加至 170 000立方米4，並將污水 處理水平提升至三級標準， 以升格為「石湖墟淨水設施」,水及廢水管理,2034,"11,973","3,260","3,260 [B7: 2,462 B23: 379 B24: 413 B25: 6]",•每日污水處理量增加 65 000立方米 •污水處理水平由二級提升至三級 •再生能源設備每年產生 3 400萬度電力5 •每年2 600萬立方米淨 化水作再造水之用 •服務人口約60萬 •獲得綠建環評新建建築1.2版 暫定鉑金級認證
古洞北新發展 區區域供冷 系統,於古洞北新發展區建造區域 供冷系統，即大型高效節能的 中央空調系統，以支持該區的 低碳發展,能源效益和 節約能源,2040,"5,788",604,604 [B7: 177 B14: 177 B28: 250],•與氣冷式空調系統比較能 提升能源效益約35% •每年節省4 200萬度電力 •每年避免或減少排放29 400公噸 二氧化碳當量的溫室氣體
綠在灣仔,於灣仔區設計及建造設施以 舉辦宣傳和教育的活動，以及 在社區收集和處理可回收物,廢物管理及 資源回收,2020,29,26,7 [B10: 3 B35: 4],•自2021年10月對外開放 •2024年全年接待了29 587名訪客 •2024年全年收集了超過645公噸 可回收物 •2024年全年舉辦了167場 教育活動
大埔第1區 體育館、社區 會堂及足球場,於約25 100平方米的項目 選址上建造全新的體育館及 游泳池、社區會堂、足球場及 附屬設施,綠色建築,2021,"2,163","1,474",972 [B10: 957 B28: 1 B35: 14],•獲得綠建環評新建建築 1.2版最終金級認證 •能源消耗量減少約 38.1%（體育館）及 43.2%（停車場）
屯門醫院 手術室大樓 擴建計劃,興建手術室大樓新翼，建築樓 面面積約21 982平方米，以 容納20 間手術室、深切治療 科及附設的支援區、與現有 手術室大樓的連接、新的機電 大樓和新增的危險品大樓， 以及擴充及翻新現有的設施和 大樓以便與新翼配合,綠色建築,2025,"2,730","1,910","1,455 [B10: 1,415 B28: 40]",•預計將獲得綠建環評新建建築 1.2版金級認證 •二氧化碳減排量達到約13.2%
北區社區健康 中心大樓,建造全新的聯用大樓，建築 樓面面積約31 000平方米， 設有社區健康中心、母嬰 健康院、學生健康服務中心、 長者健康中心、衞生署辦事處 及其他設施,綠色建築,2024,"1,780","1,434","1,334 [B10: 1,232 B28: 102]",•獲得綠建環評新建建築2.0版 最終鉑金級認證 •二氧化碳減排量達到約16.6%
鯉景道綜合 大樓,建造全新的綜合大樓，建築 樓面面積約12 180平方米， 以容納分區圖書館及其他設施,綠色建築,2025,674,356,186 [B10: 186],•預計將獲得綠建環評新建 建築2.0版金級認證 •項目的節能裝置預計每年可 節省10.5%的能源消耗量
啟德發展區 新急症醫院,興建一所全新的急症醫院， 包括五座大樓：急症大樓、 行政大樓、教學大樓、腫瘤科 大樓及專科門診大樓，總建 築樓面面積約573 595平方米,綠色建築,2026,"36,567","9,115","7,834 [B10: 7,016 B28: 818]",•獲得綠建環評新建建築1.2版 暫定鉑金級認證 •二氧化碳減排量達到約21.2%
觀塘污水泵房 優化工程,在觀塘污水泵房旁邊建造一個 容量為16 000立方米的地下 污水調節池，用來臨時儲存 觀塘基本污水處理廠繁忙時段 未能及時處理的過剩污水。 儲存的污水待非繁忙時段泵回 觀塘基本污水處理廠作進一步 處理。此項目旨在提升觀塘 污水泵房及觀塘基本污水處理 廠污水輸送系統的穩健性和 彈性,水及廢水管理,2022,"1,054","1,026",611 [B10: 611],•額外16 000立方米的 污水暫存容量 •污水泵房屋頂設有雨水收集 系統，預計每年可節省 862 000公升年灌溉需水量 •預計每年二氧化碳減 排量達到約29% •機房屋頂安裝了光伏板， 預計每日可產生80度電力 •獲得綠建環評新建建築1.2版
汀角路污水 泵房及污水 收集系統改善 工程,改善現有的大埔汀角路污水 收集系統，將污水處理量由 每日11 500立方米提升至 22 000立方米,水及廢水管理,2023,847,635,572 [B10: 572],暫定鉑金級認證 •每日污水處理量增加 10 500立方米 •預計約64 000人可受惠
上水及粉嶺新 房屋發展供水 計劃,建造食水配水庫和附屬幹管及 配水管，以改善上水及粉嶺已 規劃的新房屋發展計劃的食水 供應,水及廢水管理,2024,"1,700",999,896 [B10: 795 B29: 46 B33: 55],•食水配水庫的總容量 增加55 000立方米 •預計約16萬人可受惠
建設「智管網」,在全港建設「智管網」， 以監察食水分配管網的失水 情況，以便跟進,水及廢水管理,2025,"2,131","1,038",893 [B10: 770 B31: 107 B36: 16],•當項目及其他措施全面實施後， 政府水管的滲漏率將由2019年的 約15%降至2030年的10%以下
沙田濾水廠 原地重置工程 （南廠）,原地重置沙田濾水廠（南廠）， 以取代老化的處理設施及將 南廠的濾水量由每日 360 000立方米提升至每日 550 000立方米,水及廢水管理,2027,"8,827","4,985","3,765 [B10: 3,691 B22: 74]",•每日濾水量增加190 000立方米 •預計約30萬人可受惠
東涌新市鎮 擴展（東）區域 供冷系統,建造東涌新市鎮擴展（東）區 域供冷系統，以推廣能源效益 和節能。工程範圍包括建造 供冷站、鋪設冷凍水配水 管道、機電設備及為用戶 建築物提供接駁設施,能源效益和 節約能源,2034,"3,918",680,680 [B14: 680],•當供冷站全面啟用後，預計每年 可節省多達3 100萬度電，相等於 每年減少排放約21 500公噸 二氧化碳
立體空氣質素 監測網絡,新的立體空氣質素監測網絡 利用激光雷達系統（LiDAR）， 實時監測離地面達數公里上空 的空氣污染物濃度和氣象數據 的垂直及立體分布，有助追蹤 區域臭氧和懸浮粒子的軌跡， 加強對其來源和形成過程的 理解,污染預防及管控,2028,55,15,15 [B11: 12 B19: 1 B35: 2],•提供實時立體空氣數據，以補 傳統空氣質素監測站的不足 •加強了解區域空氣污染 物的形成和傳輸 •提高空氣質素模擬和預報的 能力和準確性 •為制定排放管理策略提供 更堅實和科學化的基礎
屯門污水幹渠 修復工程,沿天后路、龍門路及橫臥 屯門河修復現有約4.6公里長 的污水幹渠及在屯門建造長 約600米的新複設污水幹渠， 以減低污水溢出的風險,水及廢水管理,2023,807,517,446 [B11: 172 B19: 241 B30: 1 B35: 32],•大幅降低污水幹渠結構損壞 及污水從總長度為4.6公里 的污水幹渠溢出的風險 •預計約50萬人可受惠
九龍中部及 東部污水收集 系統改善工程－ 第3期,在尖沙咀修復長約450米的 現有污水渠，以及在九龍中部 及東部清拆及建造長約7公里 的污水渠，以減低污水溢出的 風險,水及廢水管理,2024,681,445,415 [B11: 174 B15: 100 B17: 141],•大幅降低污水從總長度為 7.5公里的污水渠溢出的風險 •建造長約7公里的無壓污水渠 預計可提高污水輸送能力 •預計約80萬人可受惠
長洲污水 處理及排放 改善工程,改善現有長洲污水處理廠， 把該廠的處理能力由每天 4 000立方米增至每天 9 800立方米，並把處理水 平由一級提升至二級，以及 改善現有北社污水泵房，把 該泵房的處理能力由每天29 000立方米增至每天,水及廢水管理,2026,"2,607","1,031","1,031 [B12: 1,031]","•長洲污水處理廠的每日污水 處理量增加5 800立方米 •污水處理水平由一級提升至二級 •預計約多16 000人可受惠
•將會安裝光伏板於部分建築物屋頂"
南丫鄉村污水 收集系統第2期 第2部分,為南丫島七個未有污水設施的42 000立方米鄉村地區及洪聖爺灣泳灘建造 公共污水收集系統,水及廢水管理,2026,503,164,164 [B18: 164],•每日額外處理820立方米污水 •預計約2 000人及大量前 往泳灘的人士可受惠
元朗污水主幹 泵喉建造及 修復工程,在天福路及宏樂街之間分別 新建一條長約3.7公里及修復 現有長約3.7公里的加壓 污水管,水及廢水管理,2026,886,378,378 [B18: 378],•提高有關污水系統服務的穩定性 •預計約28萬人可受惠
油塘污水主幹 泵喉建造及 修復工程,在油塘污水泵房及觀塘基本 污水處理廠之間分別新建一條 長約3.1公里及修復現有長約 2.5公里的加壓污水管,水及廢水管理,2026,621,256,256 [B16: 256],•提高有關污水系統服務的穩定性 •預計約18萬人可受惠
䃟石灣污水 處理廠及貝澳 污水收集系統,在南大嶼山䃟石灣建造 座設計處理量為每日 5 800立方米的污水 處理廠，興建約1.4公里長 的海底排放管以排放 淨化水，及在貝澳建造 污水幹渠和鄉村污水 收集系統,水及廢水管理,2026,"1,689",621,621 [B13: 621],•每日額外處理5 800立方米污水 •預計約13 000人可受惠 •將會於䃟石灣污水處理廠安裝 光伏板，預計每年可產生 83 220度電力 •每年約9 500立方米淨化水作 再造水之用
上水及粉嶺 再造水供應 工程,建造石湖墟再造水廠，在上水 及粉嶺的東北地區鋪設約 25公里長的輸水管及分配 水管和進行相關的水管接駁 工程，為上水和粉嶺地區提供 再造水,水及廢水管理,2026,"1,256",702,702 [B14: 675 B32: 27],•每日再造水產量最終可 達73 000立方米 •擴大使用次階水（即海水及循 環再用水）作非飲用用途，以確 保食水資源得以可持續使用 •預計最終每年可節省約 2 200萬立方米食水
長沙灣天主教 小學校舍,建造一所全新五層高設有 30間課室的小學，建築樓面 面積約10 000平方米，以 重置白田天主教小學,綠色建築,2021,346,266,214 [B15: 214],•獲得綠建環評新建建築1.2版 最終金級認證 •能源消耗量減少約21.15%
救世軍中原 慈善基金皇后 山學校校舍,建造一所設有30間課室的 小學，建築樓面面積約 11 255平方米，以應付北區 預計的公營小學學位需求,綠色建築,2021,386,257,214 [B15: 214],•獲得綠建環評新建建築1.2版 最終金級認證 •能源消耗量減少約25.11%
東華三院曾憲備 小學校舍,建造一所設有30間課室的 小學，建築樓面面積約 11 469平方米，以應付北區 預計的公營小學學位需求,綠色建築,2021,387,248,212 [B15: 212],•獲得綠建環評新建建築1.2版 最終金級認證 •能源消耗量減少約37.2%
東華三院蔡榮星 小學校舍,在沙田水泉澳興建一所設有 30間課室的小學，建築樓面 面積約10 998平方米，以應 付沙田區預期對公營小學學位 的長遠需求,綠色建築,2022,363,342,340 [B15: 340],•獲得綠建環評新建建築1.2版 最終金級認證 •能源消耗量減少約24.2%
瑪利諾中學 校舍,建造一所全新八層高並設 有30間課室的中學，建築 樓面面積約13 300平方米， 以重置瑪利諾中學,綠色建築,2022,435,296,289 [B15: 289],•獲得綠建環評新建建築1.2版 最終金級認證 •能源消耗量減少約22.05%
沙宣道3號教學 大樓,興建一座全新八層高的教學 大樓，提供約10 400 平方 米淨作業樓面面積，以遷移 香港大學李嘉誠醫學院下部份 舊樓內多項教學和研究設施,綠色建築,2022,811,782,687 [B17: 687],•獲得綠建環評新建建築1.2版 暫定鉑金級認證 •能源消耗量減少約14.5%
消防處西九龍 綜合大樓,建造一座總建築樓面面積約 20 110 平方米的全新大樓， 以遷移尖沙咀消防局行動支援 設施、消防同樂會及消防處 其他設施,綠色建築,2024,981,680,680 [B17: 680],•獲得綠建環評新建建築1.2版 暫定金級認證 •項目的節能裝置預計每年可 節省10.9%的能源消耗量
啟德發展區的 動物管理及 動物福利綜合 大樓,在啟德發展區興建一座全新 的動物管理及動物福利綜合 大樓，建築樓面面積為 21 316平方米，以保障和 促進動物福利、控制本地動物 疾病、保障公眾健康及加強 動物管理措施,綠色建築,2024,882,714,714 [B17: 714],•獲得綠建環評新建建築1.2版 金級認證 二氧化碳減排量達到約46.3%
啟德體育園,設計、興建及營運一座全新 的體育基礎設施，設有 50 000個座位的主場館、 10 000個座位的室內體育館、 5 000個座位的公眾運動場， 約14公頃的園景休憩空間 及其他配套設施。總建築 樓面面積約為567 000平方米,綠色建築,2025,"31,898","27,671","25,365 [B10: 564 B11: 3,098 B12: 6,533 B15: 4,820 B16: 1,349 B17: 3,433 B18: 5,012 B19: 556]",•獲得綠建環評社區1.0版 鉑金級認證 •啟德青年運動場獲得綠建環評 新建建築1.2版最終鉑金級認證 •主場館及室內體育館獲得綠建環 評新建建築1.2版暫定鉑金級認證 •主場館不同區域的能源消耗 量減少約15.8%至61.8% •室內體育館不同區域的能源消 耗量減少約19.3%至36.4% •公眾運動場的能源消耗 量減少約21.5%
將軍澳第72區 消防局暨 救護站、部門 宿舍及消防 設施,興建一座樓高17層的 大樓，建築樓面面積為 16 026平方米，以容納 消防局暨救護站、部門宿舍 及消防處的其他設施,綠色建築,2025,655,405,405 [B11: 405],•獲得綠建環評新建建築2.0版 暫定金級認證 •項目的節能裝置預計每年可 節省5.5%的能源消耗量
葛量洪醫院 重建計劃 第一期,建造兩座分別樓高14層的 醫療大樓及13層的大學科 研大樓，總建築樓面面積為 149 655平方米，以容納住院 病房、日間醫療設施、腫瘤 科中心、手術室、臨床創新及 研發中心和癌症綜合關護 研究所等,綠色建築,2026,"11,538","1,842","1,795 [B16: 1,795]",•獲得綠建環評新建建築2.0版 暫定金級認證 •項目的節能裝置預計每年可 節省10%的能源消耗量
聖母醫院重建 計劃,在聖母醫院興建一座新醫院 大樓，總建築樓面面積約為 58 700 平方米，以提升聖母 醫院的醫療服務能力,綠色建築,2028,"4,544",568,553 [B13: 289 B16: 264],•獲得綠建環評新建建築1.2版 暫定金級認證 •二氧化碳減排量達到約14.7%
基督教聯合 醫院擴建計劃,（i）興建一 座新日間醫院 大樓，總建築樓面面積約為 170 500 平方米，及（ii）興建 S座的新翼大樓和輔助 機電工程大樓，總建築樓面 面積約為43 750 平方米，以 提升聯合醫院的醫療服務能力,綠色建築,2029,"18,358","8,133","6,225 [B13: 5,606 B15: 12 B16: 352 B18: 128 B22: 127]",•獲得綠建環評新建建築1.1版 暫定金級認證 •項目的節能裝置預計每年可 節省不少於10%的能源消耗量
威爾斯親王 醫院重建計劃 第二期（第一 階段）,建造一座住院新翼大樓， 總建築樓面面積約為 300 000平方米，提供各項 主要醫療設施,綠色建築,2029,"24,935","3,462","2,854 [B13: 289 B14: 2,333 B20: 25 B21: 159 B34: 48]",•獲得綠建環評新建建築1.2版 暫定金級認證 二氧化碳減排量達到約30.9%
更換大帽山的 風暴探測天氣 雷達,在大帽山設置新的風暴探測 天氣雷達以取替現時已運作 逾20年的雷達,適應氣候變化,2024,48,33,33 [B11: 29 B19: 2 B35: 2],•新的風暴探測天氣雷達主要用於 監測與惡劣天氣相關的大雨和 強風，讓香港天文台能夠適時 發布熱帶氣旋、雷暴、暴雨、 水浸及山泥傾瀉的預報和警告 •適時和可靠的天氣預報及 警告有助減少惡劣天氣造成的 人命傷亡及財產損失，以及 減低對社會及經濟活動的影響
香港天文台 高性能電腦 系統,購置一台高性能電腦系統， 讓天文台繼續為香港提供優質 天氣服務，並加強對本港具 高影響的天氣的預報能力,適應氣候變化,2025,90,64,64 [B18: 63 B19: 1],•更高的電腦運算能力能為香港 提供最少未來五天更詳盡的 本地天氣預測，和更精細分辨 率的預測可延長至24小時 •加強支援有關高影響天氣的 概率預報 •透過與香港國際機場現有的 高性能電腦系統共同運行，提升 為航空界別等特殊用戶在惡劣 天氣下的飛機航跡提供概率預報
地下雨水渠 修復工程,於全港勘測約90公里及修復 約41公里的地下雨水渠及 相關沙井,適應氣候變化,2025,"1,341",666,658 [B12: 213 B13: 180 B15: 46 B16: 130 B17: 89],•減低雨水渠塌陷風險 •確保雨水排放（防洪） 系統運作正常
大埔滘污水 泵喉建造及 修復工程,建造約600米長、直徑 300毫米，連接大埔滘污水 泵房至南運路的污水收集系統 的雙管污水泵喉,水及廢水管理,2023,108,95,95 [B27: 95],•提高有關污水系統服務的穩定性 及防止因污水渠滲漏而引致的 污染風險 •預計約11 000人可受惠
離島污水收集 系統第2階段－ 擴展污水收集 系統至梅窩其 他未有污水 設施的鄉村,在鹿地塘建造一間設計容量 為每日約365立方米的污水 泵房，約300米長、直徑 150毫米的雙管污水泵喉， 以及約2.9公里長、直徑介乎 150毫米至250毫米的無壓 污水渠,水及廢水管理,2026,136,95,95 [B27: 95],•每日可處理365立方米污水 •預計約1 100人可受惠
提升新界東北 污水收集系統,在沙嶺及塘坊建造2間 設計容量分別為每日約 16 000立方米及6 000立方米 的污水泵房，提升7座現有 的污水泵房，建造約8.9公里 長的雙管污水泵喉，以及約 5.5公里長的單管污水泵喉， 建造約1.1公里長的無壓 污水渠,水及廢水管理,2027,826,350,350 [B28: 350],•改善公共衛生環境，以及河溪 和海港的水質 •預計約23 000人可受惠
長沙灣污水 主幹泵喉建造 及修復工程,建造約1.7公里長、直徑介乎 1 800毫米至2 000 毫米， 連接長沙灣污水泵房至位於 昂船洲的西北九龍基本污水 處理廠的單管污水主幹泵喉， 修復約1.6公里長、直徑介乎 1 800毫米至2 000毫米， 連接長沙灣污水泵房至位於 昂船洲的西北九龍基本污水處 理廠的現有雙管污水主幹泵喉,水及廢水管理,2030,"1,200",157,157 [B28: 157],•提高有關污水系統服務 的運作效率及穩定性 •預計約90萬西北九龍居民可受惠
離島污水收集 系統第2階段－ 坪洲鄉村污水 收集系統第2期 第1部分,為坪洲6個未鋪設污水 渠的地區（即南灣新村、 第一新村（部分）、圍仔井 新村、坪洲（中）、南灣山頂 村及東灣村）建造公共污水收 集系統，並把這些地區的污水 輸送至現有坪洲污水處理廠妥 為處理及排放,水及廢水管理,2023,134,56,35 [B32: 35],•減少坪洲水質污染 •預計約2 500人可受惠
牛尾海污水 收集系統第二 及第三階段 工程,為牛尾海7個未鋪設污水渠 的地區（即黃竹灣、窩美及 響鐘、井欄樹、心朗、大埔仔 及布袋澳）建造公共污水收集 系統，並把這些地區的污水 妥為處理及排放；以及沿 匡湖居至康健路之間的西貢 公路鋪設污水幹渠，把北圍、 北港及大涌口一帶的污水輸送 至現有的西貢污水處理廠作 適當處理後排放,水及廢水管理,2032,"1,348",791,756 [B28: 333 B29: 204 B32: 219],•減少污染物被排放到附近水體 •預計約22 950人可受惠
屯門北部鄉村 污水收集系統,為屯門北部4個未鋪設 污水渠的地區（福亨村（下）、 寶塘下、小坑村和紫田村） 建造公共污水收集系統，並把 這些地區的污水輸送至現有 望后石污水處理廠妥為處理及 排放,水及廢水管理,2024,431,301,294 [B20: 294],•減少污染物被排放到附近溪流 和海水 •預計約6 250人可受惠
牛潭尾濾水廠 擴展工程,就牛潭尾濾水廠及其擬議擴建 部分的濾水技術及運作，以及 其原水輸送及食水分配系統進 行詳細研究、詳細設計及實地 勘察，以配合擬增加的牛潭尾 濾水廠產水量,水及廢水管理,2028,137,68,68 [B22: 68],•每日濾水量於第一期擴展工程 增加210 000 立方米至 每日440 000 立方米，並最終增加 至每日640 000 立方米
瑪嘉烈醫院 荔景大樓擴建 計劃,興建一座總建築樓面面積約 為85 765 平方米的新擴建 大樓，以提升瑪嘉烈醫院的 醫療服務能力,綠色建築,2028,"6,052",662,630 [B22: 630],•預計將獲得綠建環評新建 建築2.0版金級認證 •項目的節能裝置預計每年可 節省10%的能源消耗量
北區醫院擴建 計劃,興建一座總建築樓面面積約 為370 233平方米的新急症 大樓，以提升北區醫院的醫療 服務能力,綠色建築,2031,"35,131","2,651","2,589 [B22: 2,004 B23: 585]",•預計將獲得綠建環評新建 建築2.0版金級認證 •項目的節能裝置預計每年可 節省9.2%的能源消耗量
觀塘綜合發展 項目,興建高低兩座總建築樓面面積 約為84 400平方米的大樓。 高座用作公務員學院的長遠 院址和提供公務員支援設施， 低座則提供地方作一系列社區 和福利設施之用,綠色建築,2027,"4,545",654,654 [B23: 654],•預計將獲得綠建環評新建 建築2.0版鉑金級認證 •項目的節能裝置預計每年可 節省最少11%的能源消耗量
文物修復資源 中心,興建一座總建築樓面面積約 為44 980平方米的文物修復 資源中心，以支持文化藝術發 展，及更好服務社區的需要,綠色建築,2026,"2,594",329,315 [B23: 315],•獲得綠建環評新建建築2.0版 暫定鉑金級認證 •項目的節能裝置預計每年可 節省10%的能源消耗量
四美街地區休憩 用地、體育館 及公眾停車場,在新蒲岡四美街興建總建築 樓面面積約為29 050 平方米 的多元化綜合設施，包括 啟德東體育館(啟德東)及 啟德東遊樂場，以提升和增加 休閒、娛樂和體育設施， 並提供應用自動泊車系統的 地下公共停車場空間,綠色建築,2026,"1,605",455,455 [B23: 455],•獲得綠建環評新建建築2.0版 暫定鉑金級認證 •項目的節能裝置預計每年可 節省10%的能源消耗量
安達臣道 石礦場（地盤 G2）聯用大樓,在安達臣道石礦場興建總建築 樓面面積約為36 500 平方米 的聯用綜合大樓，由兩座分別 樓高三層及七層的建築物 組成，位於兩層地庫之上， 為居民提供運動、休閒、文化 及福利設施,綠色建築,2027,"2,025",262,262 [B23: 262],•獲得綠建環評新建建築2.0版 暫定鉑金級認證 •項目的節能裝置預計每年可 節省11%的能源消耗量
九龍塘聯福道 2所特殊學校 校舍,興建一所設有12間課室的 輕度智障兒童特殊學校及一所 設有24間課室的輕度及中度 智障兒童特殊學校，總建築 樓面面積約為17 973平方米， 以應對九龍區輕度及中度智障 兒童學額預期不足的情況及紓 緩區內及全港中度智障兒童學 校宿位供不應求的問題,綠色建築,2026,780,218,218 [B23: 218],•獲得綠建環評新建建築1.2版 暫定金級認證 •項目的節能裝置預計每年可 節省10%的能源消耗量 •每年避免排放215.65公噸 二氧化碳當量的溫室氣體
青衣VTC航空 及航海教育 中心,興建一座樓高七層（不包括 天台）的新航空及航海教育 中心大樓，提供淨作業樓面 面積約9 395平方米，以支援 航空及航海業界人才發展，以 及改善本港職業專才教育設施,綠色建築,2025,862,449,449 [B24: 449],•獲得綠建環評新建建築1.2版 暫定金級認證 •項目的節能裝置預計每年可 節省6%的能源消耗量
香港中文大學 （中大）–綜合 科研實驗大樓 （第2座）,興建一座樓高九層（地庫樓層 不包括在內）的新科研實驗 大樓，總建築樓面面積約為 23 987平方米，為支援中大 在生命科學和生物醫學方面 研究提供所需的空間和 基礎設施,綠色建築,2025,"1,416",910,910 [B24: 910],•獲得綠建環評新建建築1.2版 暫定鉑金級認證 •能源消耗量減少約17.7%
香港大學 （港大）–大學道 2號重建工程 （一號樓）,在大學道興建一座樓高九層的 新科研實驗室大樓，提供淨 作業樓面面積約7 100平方米， 主要用戶為港大理學院和工程 學院,綠色建築,2025,600,547,547 [B24: 547],•獲得綠建環評新建建築2.0版 暫定鉑金級認證 •能源消耗量每年節省約5.5%
香港教育大學– 大埔校園內的 新教學大樓,興建一座樓高八層的新教學 大樓，總建築樓面面積約 14 753平方米，提供數碼 年代所需的現代化教研設施及 校園空間,綠色建築,2025,651,354,354 [B26: 354],•預計將獲得綠建環評新建 建築1.2版鉑金級認證 •能源消耗量每年減少約20.2%（教育） 及36.1%（停車場）
天水圍公眾 街市,在港鐵天水圍站旁的天福路 路段興建一座樓高三層架空 並設有空調系統的街市大樓 連綠化天台和室外園景花園 新公眾街市，總建築樓面面積 約22 317平方米，為居民 提供更多購買新鮮糧食的選擇,綠色建築,2027,"1,499",164,164 [B24: 164],•預計將獲得綠建環評新建 建築2.0版金級認證 •項目的節能裝置預計每年可 節省最少10%的能源消耗量
將軍澳中醫 醫院,於將軍澳第7 8區興建中醫 醫院，總建築樓面面積約 159 000平方米，提供優質 的中醫藥服務，包括住院、 日間、門診和社區服務,綠色建築,2025,"8,620","3,492","3,492 [B24: 1,437 B25: 2,055]",•預計將獲得綠建環評新建 建築2.0版金級認證 •項目的節能裝置預計每年可 節省5.5%的能源消耗量
在將軍澳的 政府中藥檢測 中心,於將軍澳第78區興建政府 中藥檢測中心，總建築樓面 面積約27 600平方米，專責 中藥檢測科研工作，為中藥的 安全、品質及檢測方法建立 參考標準，並加強對中藥的 品質控制和鑒別的能力,綠色建築,2025,"2,005",865,865 [B28: 865],•目標獲得綠建環評新建 建築2.0版金級認證 •項目的節能裝置預計每年可 節省最少5.5%的能源消耗量
香港理工大學– 何文田斜坡 校園擴建工程,在理工大學興建一座樓高 11層的新教學及行政大樓， 總建築樓面面積約為 18 978平方米，為康復治療 科學系和眼科視光學院的學生 提供額外教學及研究設施,綠色建築,2027,"1,418",238,191 [B25: 191],•目標於2025第三季獲得綠建環評 新建建築2.0版暫定鉑金級認證 •項目的節能裝置預計每年可 節省14.6%的能源消耗量
幼稚園教育 中心（小西灣）,在小西灣興建一所專為幼稚 園學生而設的幼稚園教育 中心，總建築樓面面積約 7 200平方米，以提供有利 兒童進行遊戲和自由探索活動 的學習環境,綠色建築,2026,467,100,100 [B25: 100],•獲得綠建環評新建建築2.0版 暫定金級認證 •項目的節能裝置預計每年可 節省10%的能源消耗量
位於高超道的 普通科門診 診所及兒童 體能智力測驗 中心,設置一所普通科門診診所及 重置一所兒童體能智力測驗 中心，總建築樓面面積約為 15 734平方米，以照顧觀塘 區居民對醫療服務的需要,綠色建築,2028,"1,029",68,68 [B25: 68],•獲得綠建環評新建建築1.2版 暫定金級認證 •項目的節能裝置預計每年可 節省10%的能源消耗量
廣華醫院重建 計劃,重建新廣華醫院複合大樓， 總建築樓面面積約為 276 734平方米，以提升廣華 醫院的醫療服務能力,綠色建築,2029,"19,502","6,842","5,164 [B24: 510 B25: 486 B26: 4,129 B29: 39]",•第一期大樓獲得綠建環評新建建 築1.2版暫定金級認證，第二期 大樓預計將獲得綠建環評新建 建築1.2版金級認證 •第一期項目的節能裝置預計每年 可節省不少於6%的能源消耗量， 第二期項目的節能裝置則預計 每年可節省10%的能源消耗量
馬鞍山第103 區綜合設施 大樓,在馬鞍山第103區興建一座 綜合設施大樓，以滿足該區 社區的需求,綠色建築,2029,"2,963",100,100 [B26: 56 B36: 44],•預計將獲得綠建環評新建 建築2.0版金級認證 •項目的節能裝置預計每年可 節省10.0%的能源消耗量
香港道教聯合會 雲泉學校校舍,建造一所設有30間課室的 小學，總建築樓面面積約 10 667平方米，以重置香港 道教聯合會雲泉學校,綠色建築,2024,370,301,301 [B26: 301],•獲得綠建環評新建建築1.2版 暫定金級認證 •項目的節能裝置預計每年可 節省6.0%的能源消耗量
中華基督教會 全完第一小學 校舍,建造一所設有30間課室的 小學，總建築樓面面積約 11 396平方米，以重置中華 基督教會全完第一小學,綠色建築,2024,393,357,357 [B31: 357],•獲得綠建環評新建建築1.2版 暫定金級認證 •二氧化碳排放減少約 40.1%（教育）及34.7%（停車場）
浸信會孔憲紹 天虹小學校舍,建造一所設有30間課室的 小學，總建築樓面面積約 11 440平方米，以重置 浸信會天虹小學,綠色建築,2026,438,202,202 [B27: 202],•預計將獲得綠建環評新建 建築1.2版金級認證 •項目的節能裝置預計每年可 節省10%的能源消耗量
保良局蕭漢森 小學校舍,建造一所設有24間課室的 小學，總建築樓面面積約 9 530平方米，以重置保良局 蕭漢森小學,綠色建築,2024,365,324,324 [B29: 101 B30: 223],•獲得綠建環評新建建築2.0版 暫定金級認證 •項目的節能裝置預計每年可 節省6.1%的能源消耗量
迦密梁省德 學校校舍,建造一所設有30間課室的 小學，總建築樓面面積約 11 050平方米，以重置迦密 梁省德學校,綠色建築,2026,411,177,177 [B26: 138 B27: 39],•獲得綠建環評新建建築2.0版 暫定金級認證 •項目的節能裝置預計每年可 節省10%的能源消耗量
五旬節聖潔會 永光小學校舍,建造一所設有36間課室的 小學，總建築樓面面積約 13 136平方米，以滿足大埔區 對公營小學學位的長遠需求,綠色建築,2024,427,415,415 [B29: 403 B35: 12],•獲得綠建環評新建建築1.2版 最終金級認證 •能源消耗量每年節省約23.4%
安博官立小學 校舍及1 所 幼稚園,建造一所設有30間課室的 小學及一所設有6間課室的 幼稚園的共用校舍，總建築 樓面面積約13 700平方米， 以重置廣東道官立小學及增加 由政府擁有的幼稚園校舍,綠色建築,2025,484,252,252 [B31: 252],•預計將獲得綠建環評新建 建築2.0版金級認證 •項目的節能裝置預計每年可 節省10%的能源消耗量
石門靈灰安置所 及紀念花園,興建一座樓高三層的骨灰 安置所大樓，提供約 40 000個骨灰龕位;及設有 廣闊草坪的紀念花園，供撒 放先人骨灰並提供可供安放 流產胎的設施,綠色建築,2025,860,547,524 [B29: 524],•獲得綠建環評新建建築1.2版 暫定金級認證 •能源消耗量減少約14.3%（機房、 電梯及衛浴區）及30.8%（壁龕和 公共區域），根據《建築物能源 效益守則2018》的標準，每年 最少可節省5%能源消耗量
歷史檔案中心,在安達臣道石礦場發展用地的 大上托山體內興建一個岩洞 建築羣及連接隧道，總面積 約6 500平方米，總體積約 190 000立方米。在岩洞內及 岩洞入口（佔地約2 000平方米） 建造一座樓高四層（洞內部 分為三層）的歷史檔案中心， 包括建造其建築結構及地基， 並進行屋宇裝備工程，以及 裝設自動倉貯存取系統、家具 及設備,綠色建築,2028,"2,774",346,346 [B27: 346],•預計將獲得綠建環評新建 建築2.0版鉑金級認證 •項目的節能裝置預計每年可 節省5%的能源消耗量
香港科技大學– 新科研樓1,在科技大學興建一座樓高八層 的新科研大樓，總建築樓面 面積約為9 414平方米，主要 為科學、工程、科技和創新等 多個領域的研究、產業合作和 轉化活動提供設施,綠色建築,2025,477,283,283 [B31: 283],•預計將獲得綠建環評新建 建築2.0版金級認證 •項目的節能裝置預計每年可 節省10%的能源消耗量
香港科技大學– 新科研樓2,在科技大學興建一座樓高八層 的新科研大樓，總建築樓面 面積約為11 425平方米， 以供進行合成生物學領域的 研究和發展活動,綠色建築,2026,835,246,246 [B32: 246],•預計將獲得綠建環評新建 建築2.0版金級認證 •項目的節能裝置預計每年可 節省10%的能源消耗量
元朗防洪壩 計劃,在元朗明渠建造自動防洪 屏障、雨水泵房、總控制中心 及相關機電設施，以減低 元朗區水浸的風險。改建元朗 明渠，於元朗建造防洪牆及 排水道，以及活化一段元朗 明渠,適應氣候變化,2030,"3,783",694,694 [B27: 694],•提升排洪能力及紓緩元朗 市中心的水浸風險 •在非關鍵操作下促進后海灣 和元朗明渠的生態連貫性
尖沙咀雨水 排放系統改善 工程,在尖沙咀市政局百週年紀念 花園建造一個容量約 20 300立方米的地下雨水 蓄洪池、雨水泵房及相關 機電設施。在漆咸道南、 加連威老道、加連威老廣場 及金馬倫道建造約700米長、 直徑介乎600毫米至1 800毫米 的雨水渠及重置和優化休憩 用地及公共廁所,適應氣候變化,2027,953,427,427 [B28: 427],•提升排洪能力及紓緩有關地區的 水浸風險
觀塘雨水排放 系統改善工程－ 第1期,在觀塘秀雅道遊樂場建造一個 容量約64 000立方米的地下 雨水蓄洪池及相關機電設施。 在附近道路（包括協和街） 建造約185米長、直徑介乎 1 800毫米至3 000毫米的 雨水渠及重置和優化秀雅道 遊樂場,適應氣候變化,2028,938,304,304 [B21: 304],•提升排洪能力及紓緩有關地區的 水浸風險
元朗市明渠 改善工程（市區 中心段）,建造旱季截流系統，包括 一所設計為每日流量約 18 000立方米的泵房及長約 3.6公里、闊度介乎600毫米 至1 000 毫米的箱形暗渠與 旱季截流器，以及建造長約 600米、直徑350毫米的喉管; 加固一段長約一公里元朗明渠 (市區中心段)的結構;及活化 一段長約一公里位於朗屏站至 十八鄉路的元朗明渠,適應氣候變化,2030,857,175,175 [B23: 175],•將受污染的旱季流及地面徑流 引流至污水收集系統，並轉送 至元朗淨水設施作妥善處理
元朗區雨水排 放系統改善 工程,在大井圍、水咀新村、 何力背、大窩、山下村、 下輋、松山新村及蓮花地 興建排水道及雨水渠,適應氣候變化,2027,785,358,346 [B24: 160 B26: 186],•減低有關地區的水浸風險
北區雨水排放 系統改善工程－ 第一階段,在崗下及沙頭角市興建一所 容量約10 000立方米的地下 雨水蓄洪池和雨水泵房； 建造長約2.5公里、直徑介乎 600毫米至1.8米的雨水渠 及相關機電設施；以及長約 500米、高度約一米的 防洪牆。在石橋頭、坑頭、 啓芳園、古洞路及天平山村 近上水圍文閣村建造長約 670米、直徑介乎450毫米 至6米的排水道以及長約 1 370米、高度約一米的 防洪牆和長約870米、直徑介 乎600毫米至2.1米的雨水渠,適應氣候變化,2028,950,103,103 [B31: 103],•改善排水工程以應對因氣候變化 帶來的洪水風險
